Cliente,Sector,codigo de cliente,Phone,Capacidad Mbps,MENSUALIDAD
Paula Annette White,Vista al mar,20221001,83391131,20 ,$114.75
MP-Gabiruski Corporation S.A,Mal pais,20221010,83981165,20 ,$203.10
MAL PAIS BUSINESS ADMINISTRATION S.A (paga fabio casa biba),Mal pais,20221002,72911222,20 ,$172.13
MAL PAIS MAINTENANCE COMPANY S.A.,Mal pais,,83219900,20 ,$0.00
Zodiac Mountain S.A.,Mal pais,"20221003
20221005",83511208,20 ,$252.45
CASA TECAL,Pausaleku,20221004,26400880,20 ,$355.42
RC Holdings LLC Limitada,Pausaleku,20221005,26400611,20 ,$0.00
AKWABA LIMITADA,,20221006,87295233,10 ,$0.00
David Gonzalez Quesada,Panorama,20221007,88304749,10 ,$172.13
Villa Forrest Veintiseis Limitada,Panorama,20221008,9.72509E+11,50 ,$517.00
TRES CIENTO UNO SETECIENTOS SIETE MIL DOSCIENTOS SESENTA SOCIEDAD ANONIMA,Panorama,20221009,88206261,20 ,$114.75
3-102-739344 LTDA,Garza,20221011,22888888,5 ,$269.66
Carole Priggione,Garza,20221012,85504670,20 ,$201.81
SABOR Y SENTIMIENTO SOCIEDAD AN�NIMA (cristopher loss),,20221013,2640 0045,20 ,$177.71
ELI AND THE BOYS RETREAT SRL,,20221014,87090089,40 ,$201.81
FINCA CRIVELLI LIMITADA (DANIEL PAGA EL SERVICIO),Garza,20221015,c xz,20 ,$218.00
HERN INDUSTRIES LLC SOCIEDAD DE RESPONSABILIDAD LIMITADA,,20221016,83773066,5 ,$170.98
MP-MARGOT WINTER (BOUGANBILIA) ST THUNDER PAGA,Garza,20221017,88388911,20 ,$143.44
Martin Tait,Garza,20221018,3455260286,30 ,$0.00
Richard Bryant,Garza,20221019,83215132,20 ,$172.55
SHUKRANI INVESTMENT SRL,Garza,20221020,83114920,20 ,$0.00
Thomas Drummond Walker,Garza,20221021,17579991305,10 ,$143.44
Venus de Garza,Garza,20221022,84115242,20 ,$154.91
Arenal Compuesto Zeta S.A.,Tilaran,20221023,87031561,20 ,$102.00
Rancho Margot S.A,Tilaran,20221024,89112108,20 ,$0.00
MALA MUJER LIMITADA,Cerro Azul,20221025,88172816,15 ,$172.13
Lloyd George Standish,cerro azul,20221026,40000977,10 ,$0.00
Carlotta Jovino,Cerro Azul,20221027,85166245,15 ,$229.50
HACIENDA VALLE SOLO SRL,Vista al Mar,20221028,87126519,30 ,$315.56
Asociacion del Santo Nombre,Vista al Mar,20221029,87379595,20 ,$269.60
Gary Chambers Macdonald (paga 506942244),Garza,20221030,83854080 / 84038326,30 ,$172.13
MP-Scott Ford,,20221031,89916832,3 ,$167.56
