-- phpMyAdmin SQL Dump
-- version 5.2.1
-- https://www.phpmyadmin.net/
--
-- Host: 127.0.0.1
-- Generation Time: Jul 31, 2023 at 06:36 PM
-- Server version: 10.4.28-MariaDB
-- PHP Version: 8.2.4

SET SQL_MODE = "NO_AUTO_VALUE_ON_ZERO";
START TRANSACTION;
SET time_zone = "+00:00";


/*!40101 SET @OLD_CHARACTER_SET_CLIENT=@@CHARACTER_SET_CLIENT */;
/*!40101 SET @OLD_CHARACTER_SET_RESULTS=@@CHARACTER_SET_RESULTS */;
/*!40101 SET @OLD_COLLATION_CONNECTION=@@COLLATION_CONNECTION */;
/*!40101 SET NAMES utf8mb4 */;

--
-- Database: `gt_solutions`
--

DELIMITER $$
--
-- Procedures
--
CREATE DEFINER=`root`@`localhost` PROCEDURE `ActualizarDeudaClientes` ()   BEGIN
    UPDATE contrato
SET debe_mensualidad = 1
WHERE NOT EXISTS (
    SELECT 1
    FROM registro_pago rp
    WHERE rp.id_contrato = contrato.id_contrato
      AND EXTRACT(YEAR_MONTH FROM rp.fecha_pago) = EXTRACT(YEAR_MONTH FROM contrato.fecha_cobro)
);

UPDATE contrato
SET debe_mensualidad = 0
WHERE EXISTS (
    SELECT 1
    FROM registro_pago rp
    WHERE rp.id_contrato = contrato.id_contrato
      AND EXTRACT(YEAR_MONTH FROM rp.fecha_pago) = EXTRACT(YEAR_MONTH FROM contrato.fecha_cobro)
);
END$$

CREATE DEFINER=`root`@`localhost` PROCEDURE `actualizarFechasContrato` (IN `contrato_id` INT)   BEGIN
    -- Variables para las fechas actuales y nuevas
    DECLARE fecha_cobro_actual DATE;
    DECLARE fecha_corte_actual DATE;
    DECLARE fecha_cobro_nueva DATE;
    DECLARE fecha_corte_nueva DATE;
    
    -- Obtener las fechas actuales de fecha_cobro y fecha_corte
    SELECT fecha_cobro, fecha_corte
    INTO fecha_cobro_actual, fecha_corte_actual
    FROM contrato
    WHERE id_contrato = contrato_id;
    
    -- Calcular las nuevas fechas sumando un mes a las fechas actuales
    SET fecha_cobro_nueva = DATE_ADD(fecha_cobro_actual, INTERVAL 1 MONTH);
    SET fecha_corte_nueva = DATE_ADD(fecha_corte_actual, INTERVAL 1 MONTH);
    
    -- Actualizar fecha_cobro y fecha_corte del contrato
    UPDATE contrato
    SET fecha_cobro = fecha_cobro_nueva,
        fecha_corte = fecha_corte_nueva
    WHERE id_contrato = contrato_id;
END$$

CREATE DEFINER=`root`@`localhost` PROCEDURE `ObtenerSumatoriaMensualidadesPagadas` ()   BEGIN
    SELECT SUM(monto_pago) AS sumatoria_mensualidades, fecha_pago
    FROM registro_pago
    WHERE MONTH(fecha_pago) = MONTH(CURDATE()) AND YEAR(fecha_pago) = YEAR(CURDATE());
END$$

DELIMITER ;

-- --------------------------------------------------------

--
-- Table structure for table `cliente`
--

CREATE TABLE `cliente` (
  `id_cliente` int(11) NOT NULL,
  `identificacion` varchar(255) DEFAULT NULL,
  `nombre_cliente` varchar(255) DEFAULT NULL,
  `telefono` varchar(255) DEFAULT NULL,
  `email` varchar(255) DEFAULT NULL,
  `localidad` varchar(255) DEFAULT NULL,
  `coordenadas` varchar(255) DEFAULT NULL,
  `id_tipo_cliente` int(11) NOT NULL
) ENGINE=InnoDB DEFAULT CHARSET=utf8mb4 COLLATE=utf8mb4_general_ci;

--
-- Dumping data for table `cliente`
--

INSERT INTO `cliente` (`id_cliente`, `identificacion`, `nombre_cliente`, `telefono`, `email`, `localidad`, `coordenadas`, `id_tipo_cliente`) VALUES
(1880, '', 'luis Orlando Rojas', '8640-3282', '', 'Los Angeles', '10.078495, -85.393794', 3),
(1881, '', 'Royner Rodriguez Castro', '8462-0817', '', 'Los Angeles', '10.075522, -85.395664', 3),
(1882, '', 'Osvaldo Sibaja Soto', '8413-1820', '', 'Los Angeles', '10.077236, -85.395953', 3),
(1883, '', 'Walter Cruz Fonseca', '8345-7587', '', 'Los Angeles', '10.077117, -85.395427', 3),
(1884, '', 'Maria Eugenia Castro Villalobos', '8812-5847', '', 'Los Angeles', '10.07577, -85.396372', 3),
(1885, '', 'Jorge Brayan Sandoval Vega', '8698-2661', '', 'Los Angeles', '10.076816, -85.396693', 3),
(1886, '', 'Maria De los Angeles Esquivel', '8924-7821', '', 'Los Angeles', '10.077003, -85.395554', 3),
(1887, '', 'Yesenia Gonzalez Vargas', '8512-9170', '', 'Pita rayada', '10.038719, -85.383191', 3),
(1888, '', 'Enid Venegas Acosta', '8916-9987', '', 'Los Angeles', '10.079589, -85.383626', 3),
(1889, '', 'Miguel Angel Mendoza Perez', '2659-9321', '', 'Los Angeles', '10.078379, -85.393137', 3),
(1890, '', 'Christian Carrillo Torres', '8832-4526', '', 'Los Angeles', '10.075202, -85.393416', 3),
(1891, '', 'Cristian Vega Carrillo', '6070-0590', '', 'Pita rayada', '10.042111, -85.386683', 3),
(1892, '', 'Maikol Vargas Carrillo', '8440-9535', '', 'Pita rayada', '10.039538, -85.383594', 3),
(1893, '', 'Rosa Irene Castillo Alfaro', '8430-7777', '', 'El Ceiba', '', 3),
(1894, '', 'Francisco Mesen Fernandez', '8313-1247', '', 'Pita rayada', '10.036105, -85.38759', 3),
(1895, '', 'Blanca Rosa Venegas ENID', '8526-0091', '', 'Los Angeles', '10.079589, -85.383626', 3),
(1896, '', 'Luigi Pellegrini ', '8416-4360', '', 'Pita rayada', '10.036723, -85.385772', 3),
(1897, '', 'Magaly Castillo Castillo', '8486-7963', '', 'Pita rayada', '10.0363, -85.386855', 3),
(1898, '', 'Emilce Camacho Arquiar', '8604-0074', '', 'Huacas', '10.023245, -85.356216', 3),
(1899, '', 'Gina Sandoval', '6101-0096', '', 'Pilangosta', '10.032378, -85.409761', 3),
(1900, '', 'Leydi Carrillo cortes', '84703211', '', 'Pita rayada', '10.042892, -85.386351', 3),
(1901, '', 'Jennifer Carrillo Picado', '8681-2337', '', 'Pita rayada', '10.043642, -85.387284', 3),
(1902, '', 'Antony Elizondo Hernandez', '8498-0782', '', 'Pita rayada', '10.042882, -85.386941', 3),
(1903, '', 'Mercedes Vasquez Rodriguez', '8925-3271', '', 'Huacas', '10.029055, -85.367779', 3),
(1904, '', 'Alejandra Lara Vasquez', '8370-1198', '', 'Los Angeles', '10.079977, -85.388486', 3),
(1905, '', 'Roger Cuesta Grande', 'REGALIA', '', 'Cuesta Grande', '10.002075, -85.512481', 3),
(1906, '', 'Keiryn Iveth Venegas Rodriguez', '8520-4255', '', 'Los Angeles', '10.077695, -85.394178', 3),
(1907, '', 'Dennis Vargas Agero', '6006-0845', '', 'Pita rayada', '10.043473, -85.386882', 3),
(1908, '', 'Katiana Esquivel Venegas', '8707-9129', '', 'Los Angeles', '10.077141, -85.396854', 3),
(1909, '', 'Diego Castro', '8367-2326', '', 'Los Angeles', '10.077141, -85.396854', 3),
(1910, '', 'Israel Retana', '7093-0626', '', 'Pita rayada', '10.048338, -85.388556', 3),
(1911, '', 'Jairo Carrillo Gomez', '8399-7934', '', 'Huacas', '10.021417, -85.363563', 3),
(1912, '', 'Escuela Los Angeles', '8536-0984', '', 'Los Angeles', '', 3),
(1913, '', 'Jorge Armando Esquivel', '8701-2909', '', 'Lapas', '10.081059, -85.374652', 3),
(1914, '', 'Victor Culiyin', 'REGALIA', '', 'Los Cerrillos', '10.088789, -85.394264', 3),
(1915, '', 'Doris Salazar Barrantes', '8759-8079', '', 'Pita rayada', '10.040632, -85.383674', 3),
(1916, '', 'Ruben Venegas Zu¤iga', '8303-4138', '', 'Pita rayada', '10.042079, -85.382226', 3),
(1917, '', 'Jairo Rojas Vargas', '8314-6543', '', 'Lapas', '10.08608, -85.377213', 3),
(1918, '', 'Danilo Sanchez Cruz', '8302-1335', '', 'Lapas', '10.087152, -85.376832', 3),
(1919, '', 'Leida Cruz Moreno', '8701-2456', '', 'Lapas', '10.083423, -85.376071', 3),
(1920, '', 'Flory Castillo Badilla', '8989-2442', '', 'Lapas', '10.085329, -85.376376', 3),
(1921, '', 'Veronica Sanchez Mejias', '8910-4928', '', 'Pita rayada', '10.034451, -85.386088', 3),
(1922, '', '', '', '', '', '', 3),
(1923, '', 'Alfonso Gutierrez Sibaja', '8879-9227', '', 'Huacas', '10.0269, -85.373342', 3),
(1924, '', 'Adilio Gutierrez Ramirez', '8821-4430', '', 'Huacas', '10.024106, -85.374876', 3),
(1925, '', 'Marcia Pineda Castrillo', '8996-5931', '', 'Arenas', '10.048245, -85.397779', 3),
(1926, '', 'Melvin Fonseca Cruz', '8378-0291', '', 'Huacas', '10.025157, -85.373589', 3),
(1927, '', 'Leydi Carrillo cortes', '84703211', '', 'Pita rayada', '10.042385, -85.38479', 3),
(1928, '', 'Yanori Sandoval Perez', '8436-0746', '', 'Pilangosta', '10.032357, -85.409176', 3),
(1929, '', 'Lilly Campos Garcia', '8822-2622', '', 'Arenas', '10.055698, -85.402124', 3),
(1930, '', 'Yeimy Porras Boza', '6036-7844', '', 'Los Angeles', '10.074978, -85.393848', 3),
(1931, '', 'Jhon Bradley', '8702-4855', '', 'Huacas', '0.024438, -85.376356', 3),
(1932, '', 'Elena Bermudez Villalobos', '8920-4610', '', 'Los Angeles', '10.074824, -85.392606', 3),
(1933, '', 'Ronaldo G¢mez espinoza', '7079-9755', '', 'La Libertad', '10.064668, -85.430336', 3),
(1934, '', 'Julio Cesar Poveda Orozco', '8914-1943', '', 'Lapas', '10.085752, -85.376379', 3),
(1935, '', 'Laura Mireya Corrales Vasquez', '6041-0017', '', 'Pita rayada', '10.042174, -85.383449', 3),
(1936, '', 'Edwin Barrantes Elizondo', '8372-9259', '', 'Huacas', '10.018088, -85.363943', 3),
(1937, '', 'Juan elizondo  Badilla', '8850-9432', '', 'huacas', '10.01728, -85.363728', 3),
(1938, '', 'Diego Abarca Espinoza', '8585-6130', '', 'Huacas', '', 3),
(1939, '', '', '', '', '', '', 3),
(1940, '', 'Marcos Batista', '8320-6234', '', 'Huacas', '10.019256, -85.3633', 3),
(1941, '', 'Luis Guillermo Bonilla Pizarro', '6012-4173', '', 'Los Angeles', '10.07685, -85.395696', 3),
(1942, '', 'Dixy Granados Cardenas', '8333-1184', '', 'Los Angeles', '10.079913, -85.389902', 3),
(1943, '', 'Leonardo Fonseca Rodriguez', '8751-4345', '', 'Huacas', '10.022737, -85.366033', 3),
(1944, '', 'Bernal Sanchez Uma¤a', '8788-8856', '', 'Los Angeles', '10.074716, -85.397391', 3),
(1945, '', 'Rodney Villalobos Mu¤oz', '8467-1110', '', 'Los Angeles', '10.078297, -85.393475', 3),
(1946, '', 'Adriana Perez Perez ', '8410-2030', '', 'Matambuguito', '10.105071, -85.414049', 3),
(1947, '', 'Heilyn Perez Perez', '6049-9740', '', 'Matambuguito', '10.10402, -85.41418', 3),
(1948, '', 'Marcela Elizondo  Prendas', '8380-1124', '', 'Huacas', '10.024375, -85.359279', 3),
(1949, '', 'Mario Alberto Carrillo Vasquez', '8656-6047', '', 'Los Angeles', '10.074505, -85.396007', 3),
(1950, '', 'Maria Yesenia Hernandez O.', '8400-5154', '', 'Matambuguito', '10.105984, -85.413279', 3),
(1951, '', 'Terry Lewis Invernadero', '', '', 'Carillo', '', 3),
(1952, '', 'Carlos Jimnez (ESTRADA)', 'REGALIA', '', 'Carrillo ', '9.889852, -85.452758', 3),
(1953, '', 'Karen Ruiz Zu¤iga', '8552-2421', '', 'Matambuguito', '10.104413, -85.409347', 3),
(1954, '', 'Katia Hernandez', '8801-6723', '', 'Matambuguito', '10.104844, -85.408864', 3),
(1955, '', 'Franz werkstetter', 'REGALIA', '', 'Amaranta', '9.908484, -85.530752', 3),
(1956, '', 'Maria del Carmen Gomez E.', '8578-6258', '', 'La Libertad', '10.065175, -85.442658', 3),
(1957, '', 'Marina Mendoza Camacho', '6342-7011', '', 'La Libertad', '10.062845, -85.439032', 3),
(1958, '', 'Johan Sandstrom', '46705516200', '', 'Huacas', '10.0255, -85.377239', 3),
(1959, '', 'Diego Mendoza', '8719-2108', '', 'Esterones', '9.88577,-85.56623\n', 3),
(1960, '', 'Rod  Bosse', '864 2054054', '', 'Carrillo', '9.899502,-85.464761\n', 3),
(1961, '', 'Casey winn ( Antiguo pacho)', '86137675', '', 'Buena Vista', '9.9137970, -85.5313466', 3),
(1962, '', 'Oscar Enrique Coto Carrillo', '8741-2561', '', 'Huacas', '10.024243, -85.355892', 3),
(1963, '', 'Henry Garcia Jimenez', '8891-8731', '', 'Cuesta Grande', '9.939694,-85.519158', 3),
(1964, '', 'Fotseu Marion Aude Murielle', '.41 79 254 76 37.', '', 'Amaranta', '9.906668, -85.534419', 3),
(1965, '', 'Jordan Frances ', '85238585', '', 'Samara', '9.891819,-85.54701\n', 3),
(1966, '', 'Filander Vasquez', '8703-5970', '', 'Los Angeles', '10.077104, -85.390771', 3),
(1967, '', 'Carlos  Vargas', '', '', 'Buena Vista', '9.9134082, -85.5323672', 3),
(1968, '', 'Alberto Pacho', '6014-0402', '', 'Buena Vista', '9.9132699, -85.5325395', 3),
(1969, '', 'Jhon Noska', '.+1(757)870-9062', '', 'Samara', '', 3),
(1970, '', 'Jorge Perez Rojas', '8529-4277', '', 'La Libertad', '10.062322, -85.437788', 3),
(1971, '', 'fransisco terciopelo', '6472-4391', '', 'terciopelo', '9.9428703, -85.5205413', 3),
(1972, '', 'Jose alexis Obregon Carrillo', '8546-8231', '', 'HUacas', '10.022764, -85.356621', 3),
(1973, '', 'Ivannia Mendoza Espinoza', '8639-5565', '', 'Esterones', '9.88577,-85.56623\n', 3),
(1974, '', 'Omar josue Granados', '8886-3239', '', 'Los Angeles', '10.079924, -85.389591', 3),
(1975, '', 'Dafina Thur', '8758-7518', '', 'Altos del socorro', '9.95762,-85.402593', 3),
(1976, '', 'Joshep Young', '8474-5793', '', 'Camaronal', '9.86978, -85.450328', 3),
(1977, '', 'Paulo Collar', '8704-0027', '', 'Camaronal', '9.868633, -85.445904', 3),
(1978, '', 'Yordano Hernandez B', '8632-3915', '', 'La Libertad', '', 3),
(1979, '', 'Brenda Amaranta', '8706-7176', '', 'Amaranta', '9.908069, -85.532753', 3),
(1980, '', 'Jessica Lito Hernandez', '8359-4474', '', 'Pita Rayada', '10.043017, -85.387306', 3),
(1981, '', 'Ridley buena vista', '8359-5045', '', 'Buena Vista', '9.9106085, -85.5381373', 3),
(1982, '', 'Roy Arias', '8826-2524', '', 'buena vista', '9.909565,-85.53977\n', 3),
(1983, '', 'Martin  Lanz', '8966-1136', '', 'Altos del Socorro', '9.958198,-85.398845', 3),
(1984, '', 'Leticia Villalobos Mu¤oz', '8560-7983', '', 'HUacas', '10.029055, -85.367779', 3),
(1985, '', 'Carlos Navarro', '8685-5833', '', 'Pilangosta', '10.02998, -85.404472', 3),
(1986, '', 'Simon Antonio Moreno', '8927-1337', '', 'Huacas', '10.023208, -85.354103', 3),
(1987, '', 'Melissa sandobal', '1 310 347 6431', '', 'camaronal', '9.867919, -85.452898', 3),
(1988, '', 'Finca Lucky', '8736-1465', '', 'Buena vista', '9.911154,-85.536333', 3),
(1989, '', 'Gustavo Aguilera Castro', '8719-8906', '', 'HUacas', '10.021792, -85.357327', 3),
(1990, '', 'Manfred Altos del Socorro', '(+491786014016)', '', 'Altos del socorro', '9.957128,-85.399483\n', 3),
(1991, '', 'Steven Jimenez', '61982020', '', 'cuesta grande', '10.001853, -85.504354', 3),
(1992, '', 'Cristel Artavia', '6094-4079', '', 'Buena Vista', '9.91879,-85.537482\n', 3),
(1993, '', 'Sylvain Dostie', '8982-8798', '', 'Maquenco', '9.962475,-85.521156\n', 3),
(1994, '', 'Joselyn Gutierrez Solis', '8768-9948', '', 'Mansion', '10.108803, -85.374292', 3),
(1995, '', 'Maria Fernanda Lopez', '8545-6269', '', 'Matambuguito', '', 3),
(1996, '', 'JOE', '1 612 554 5120', 'joseph@harmonicfarms.com', 'Camaronal', '9.86857,-85.447838\n', 3),
(1997, '', 'William Mejias Venegas', '8386-5190', '', 'San Gerardo', '10.049445, -85.431734', 3),
(1998, '', 'Sophie Elvire Chepy', '8546-1421', '', 'Santo Domingo', '9.890265,-85.510445\n', 3),
(1999, '', 'Mathew Gregory Mccormack', '8553-8776', '', 'Esterones', '9.899973,-85.555036\n', 3),
(2000, '', 'Danny Ramirez Sibaja', '8885-6187', '', 'Los Angeles', '10.078593, -85.394843', 3),
(2001, '', 'Joe CIANCIO', '8514-9193', '', 'Maquenco', '9.963003,-85.520609\n', 3),
(2002, '', 'Deibin DIaz Carrillo', '8461-2582', '', 'Huacas', '10.021961, -85.355277', 3),
(2003, 'Sale de la casa de Brayan Sandoval', 'Karol Murillo Lopez', '8991-0627', '', 'LOs Angeles', '10.077325, -85.39723', 3),
(2004, '', 'Milanda Hernandez Venegas', '6227-5590', '', 'Matambuguito', '10.102335, -85.412099', 3),
(2005, '', 'Leonardo Araya Jimenez', '8303-3064', '', 'LOs Angeles', '10.078215, -85.39366', 3),
(2006, '', 'Javier Hernandez Gaitan', '8371-7706', '', 'LOs Angeles', '10.079702, -85.400095', 3),
(2007, '', 'Henry Garcia Jimenez', '88918731', '', 'Santa Elena', '10.014652, -85.470738', 3),
(2008, '', 'Lorena Vargas', '8915-9526', '', 'Pita Rayada', '10.043814, -85.387601', 3),
(2009, '', 'Greivin Rmirez Rodriguez', '8597-3937', '', 'Los Cerrillos', '10.088937, -85.393092', 3),
(2010, '', 'Didier Mu¤oz Sequeira', '8378-8015', '', 'Los Cerrillos', '10.088031, -85.393216', 3),
(2011, '', 'Abel Barrantes', '6033-8389', '', 'Los Cerrillos', '10.089029, -85.393371', 3),
(2012, '', 'Yeimi Mu¤oz Carrillo', '8611-2919', '', 'Los Cerrillos', '10.090033, -85.391885', 3),
(2013, '', 'karen Salazar Vasquez', '6072-8655', '', 'Huacas', '10.021285, -85.363421', 3),
(2014, '', 'Ana Lidieth Mu¤oz', '8993-7213', '', 'Los Cerrillos', '10.08993, -85.394224', 3),
(2015, '', 'Gabriel Thur', '8966-1147', '', 'Altos del socorro', '9.96199,-85.405655', 3),
(2016, '', 'Carina Risi', '6482-8415', '', 'Altos del socorro', '9.9525028,-85.4009271', 3),
(2017, '', 'ROberto Garcia Guevara', '8822-7998', '', 'Hojancha', '10.056494, -85.423601', 3),
(2018, '', 'Dereck Rodriguez', '6030-1104', '', 'Pilangosta', '10.035273, -85.407395', 3),
(2019, '', 'Ron Frances', '8601-3651', '', 'San Gerardo', '10.056503,-85.434975', 3),
(2020, '', 'James  Nick Weed', '8932-9504', '', 'El carmen', '9.881053, -85.424595', 3),
(2021, '', 'Michael Thomas Cabinas Rio Ora', '6398-3825', '', 'Buena Vista', '9.915547,-85.526808\n', 3),
(2022, '', 'Joselyn Carrillo Elizondo', '8410-0272', '', 'Huacas', '10.022423, -85.356911', 3),
(2023, '', 'Grace Jimenez ', '8639-4833', '', 'La libertad', '10.064192, -85.430146', 3),
(2024, '', 'Jane collins camaronal', '19144787855', '', 'Camaronal', '9.8692290, -85.4504408', 3),
(2025, '', 'Julio Obregon', '8582-1627', '', 'Polvazales', '', 3),
(2026, '', 'Rogelio Rodriguez', '8816-1316', '', 'Carrilo', '9.8988648, -85.4666815', 3),
(2027, '', 'vicent Geyer', '8428-1759', '', 'cuesta grande', '9.993846, -85.50581', 3),
(2028, '', 'Adolfo Brenes', '8596-1285', '', 'LOs Angeles', '10.080632, -85.393389', 3),
(2029, '', 'Magally Oviedo', '70141185', '', 'Gamalotal', '10.054247,-85.522844', 3),
(2030, '', 'Asdrubal Aguero', '8375-2869', '', 'Pita Rayada', '10.03476, -85.385686', 3),
(2031, '', 'Jean-Claude AZOULAY', '83632176', '', 'Carrillo', '9.8949742, -85.4686359', 3),
(2032, '', 'Marta Arelys Gomez ', '8549-6112', '', 'La Libertad', '10.063516, -85.441355', 3),
(2033, '', 'Channa santo domingo', '85015624', '', 'Carrillo', '9.890265,-85.510445\n', 3),
(2034, '', 'Anthon Kast', '8912-3968', '', 'La Libertad', '10.065169, -85.441199', 3),
(2035, '', 'Anita Camaronal', '8431-6078', '', 'Camaronal ', '9.868786, -85.449041', 3),
(2036, '', 'Anderson Mendez', '8321-5507', '', 'San Gerardo', '10.060611, -85.441894', 3),
(2037, '', 'Carlos Jimenez Estrada casa La Paz', '83601950', '', 'Estrada', '9.889852, -85.452758', 3),
(2038, '', 'Carlos Jimenez Estrada casa silencio', '83601950', '', 'Estrada', '9.889852, -85.452758', 3),
(2039, '', 'Carlos Jimenez Estrada casa TranquilaSarah Zirkel Casa Tranquila', '83601950', '', 'Estrada', '9.889852, -85.452758', 3),
(2040, '', 'Gerber Edinson', '6170-5107', '', 'Dulce Nombre', '10.081150,-85.493885', 3),
(2041, '', 'Anthon Kast  (pollera)', '8912-3968', '', 'La libertad', '10.063432, -85.440947', 3),
(2042, '', 'Tara  jaeger', '84481059', '', 'camaronal', '9.868998, -85.450559', 3),
(2043, '', 'Ricardo Delicias Garza', '7075-3920', '', 'Delicias Garza', '9.9295783,-85.6149723', 3),
(2044, '', 'Guerin Rojas ', '8452-6740', '', 'Huacas', '10.01643, -85.363104', 3),
(2045, '', 'Juan Carlos Pineda Alvarado', '8978-2522', '', 'La libertad', '10.063569, -85.441924', 3),
(2046, '', 'Udo Ehrenfeuchter', '4.92E+11', '', 'Huacas', '10.001998, -85.373291', 3),
(2047, '', 'Franz  Ruhl amaranta', '84581103', 'clever-frank@gmx.de', 'Amaranta', '9.906526, -85.534234', 3),
(2048, '', 'Juan Carlos terciopelo', '', '', 'Terciopelo', '9.942726,-85.520689\n', 3),
(2049, '', 'Flor Casa Brillasol', '83866556', '', 'Terciopelo', '9.943043,-85.520212\n', 3),
(2050, '', 'Stephane Yves', '33 6 20 34 19 37', 'stephane.vanuxeem@wadoo.fr', 'Buena Vista', '9.9102224, -85.5381621', 3),
(2051, '', 'Nikole Neukirch amaranta', '86473922', '', 'Amaranta', '9.908441, -85.53186', 3),
(2052, '', 'Maria Perez Mora', '6020-0905', '', 'LOs Angeles', '10.076354, -85.396801', 3),
(2053, '', 'Marina Benso Osti (Casa Marina)', '6136-1590', '', 'Samara', '', 3),
(2054, '', 'Susana Vargas Vargas', '60084334', 'jayda27@gmail.com', 'Cuesta Grande', '10ø00ï06.5/85ø30ï11.8', 3),
(2055, '5-328-428', 'Jos Luiz zeledon', '88033698', 'Jose18063006@hotmail.com', 'Santa Elena', '10.000362, -85.470083', 3),
(2056, '503930983', 'Dagnes orias rosales', '50113610', 'Dagnesperez@gmail.com', 'Santa Elena', '10.007969, -85.470963', 3),
(2057, '', 'Comite deportes Pilangosta', '8315-2259', '', 'Pilangosta', '10.03265, -85.406182', 3),
(2058, '', 'Ivannia Mendoza Espinoza (Casa Jungle)', '8639-5565', '', 'Buena Vista', '9.911165,-85.536788\n', 3),
(2059, '50265 0066', 'Vidal Esquivel Herrera', '8619 2823', 'Casaventura2@hotmail.com', 'Nosarita', '10.039131, -85.48768', 3),
(2060, '', 'Casa Jungle (Tierry Mappas)', '8785 9757', '', 'Buena Vista', '9.909484,-85.538688', 3),
(2061, '', 'Ivannia Castro Castro', '8543-7412', 'ivaniacastrocastro50@gmail.com', 'Huacas', '10.022062,-85.357263\n', 3),
(2062, '', 'Refugio y Reserva Camaronal', '84541376', '', 'Camronal', '9.863808,-85.444868', 3),
(2063, '', 'Ron Manuel Sporer', '8601-3651', '', 'San Gerardo', '10.056503,-85.434975\n', 3),
(2064, '', 'James McGregor', '1 (514) 927-0933', '', 'Buen Vista', '9.935107,-85.543587', 3),
(2065, '', 'Freiman Venegas Gran', '6299-1952', '', 'LOs Angeles', '10.075294,-85.394523', 3),
(2066, '', 'Gerardo Salazar Picado', '8851-8849', '', 'Cuesta Blanca', '10.040183,-85.425913\n', 3),
(2067, '', 'Agustin Hidalgo Morera (Ganaderia el comienzo)', '8834-3095', 'Ibusesorotinafacturas@gmail.com', 'Terciopelo', '9.936084,-85.521694', 3),
(2068, '', 'Zeneida Castro Castro', '8429-0403', '', 'Huacas', '10.022189,-85.357215\n', 3),
(2069, '', 'Johan Delicias', '1 202 999 0806', '', 'Las delicias', '9.923477,-85.627745', 3),
(2070, '', 'Johan Delicias', '1 202 999 0806', '', 'Las Delicias ', '9.923477,-85.627745', 3),
(2071, '', 'Maxime Plessis Belair', '1 819 570 8484', '', 'Cuesta Grande', '9.9938455, -85.5054146', 3),
(2072, '', 'Silvain Carrier', '506 87801572', '', 'Cuesta Grande', '9.9937564, -85.5060399', 3),
(2073, '', 'Javier Humberto Matarrita Morera', '8557-5378', '', 'Pita Rayada', '10.040863,-85.383771\n', 3),
(2074, '', 'William Fonseca Alvarado', '(+1(951)602-0642', '', 'Huacas', '10.035803,-85.357975', 3),
(2075, '', 'Pierre', '', '', 'Naranjal', '9.98149, -85.53475', 3),
(2076, '', 'Deborah Moss', '', '', 'Delicias Garza', '9.9295783,-85.6149723', 3),
(2077, '603310192', 'Pablo Garita', '8311-6437', '', 'San Gerardo', '10.055541,-85.436639', 3),
(2078, '660997510', 'Luci Price', '(+1 (808) 936-9988)', '', 'BUENA Vista', '9.9104873, -85.5377208', 3),
(2079, '', 'Josh Silver', '(+1 (413)687-5584)', '', 'Esterones', '9.9008861, -85.5542376', 3),
(2080, '', 'Jose Angel Urbina', '6068-3457', '', 'San isidro ', '9.9814163,-85.3958166', 3),
(2081, '', 'Marco Dïmolly', '88369469', '', 'Amaranta', '9.9107211, -85.5325908', 3),
(2082, '', 'Luis Elias', '', '', 'San Gerardo', '10.055541,-85.436639', 3),
(2083, '', 'Juana Rivas Mendoza', '83767605', '', 'LOs Angeles', '10.080785,-85.393132', 3),
(2084, '', 'Franklin Venegas Castillo', '8764-3808', '', 'LOs Angeles', '10.079974,-85.3847', 3),
(2085, '', 'Saskia Quiros Batres', '8627-1859', '', 'Santa Martha', '9.9214565, -85.4410849', 3),
(2086, '', 'Proyecto Hotel Cerro Azul', '8946-3019', '', 'Cerro Azul', '10.006712,-85.306903\n', 3),
(2087, '', 'Guillermo Angulo', '6040-8023', '', 'Altos del socorro', '9.958173,-85.399354', 3),
(2088, '', 'FLAWLESS VIEW LIMITADA casa argudas', '8611-8407', '', 'Las delicias', '', 3),
(2089, '', 'frank caba¤as Amaranta', 'Regalia', '', 'amaranta', '9.91202, -85.53013', 3),
(2090, '', 'Mauricio Castro Hernandes', '83275492', '', 'Santa Martha', '9.9208699, -85.4427683', 3),
(2091, '', 'Karla Veronica  Carrillo Obando', '8911-1887', '', 'Los angeles', '10.07558,-85.39511', 3),
(2092, '', 'Catherine suarez  (fabiola carvajal)', '6225-0781', 'faby041208@gmail.com', 'San Fernando', '9.91887, /85.53723', 3),
(2093, '', 'Joshua Broussard', '8760-7570', 'J333@duck.com', 'Santa Martha', '9.9220450, -85.4434470', 3),
(2094, '', 'Cecile Colnaghi', '6346-3590', '', 'Buena Vista', '9.91202, -85.53516', 3),
(2095, '', 'Eddi Gonzales', '8886-6828', '', 'Santa Elena', '10.007164, -85.471122', 3),
(2096, '503530884', 'Eduardo Pineda Barrantes', '6015-0393', 'edkreator@hotmail.com', 'La Libertad', '10.064525,-85.430482', 3),
(2097, '', 'Alexander Villagra Hernandez', '84493040', '', 'santa Martha', '9.88343, -85.44314', 3),
(2098, '', 'Flor Guevara', '8321-1331', '', 'Amaranta', '9.919728,-85.525979\n', 3),
(2099, '502540543', 'Fredy Obregon Aleman', '8778-3774', '', 'santa Martha', '9.919605,-85.443381', 3),
(2100, '', 'ROBINSON - CATHCART SOCIEDAD DE RESPONSABILIDAD LIMITADA', '6270-8511', '', 'Las Delicias', '10.087867,-85.391115', 3),
(2101, '', 'Wilfredo Matarrita Matarrita', '7177-8137', '', 'Pita Rayada', '10.03514,-85.387403', 3),
(2102, '', 'Maria Kruse', '8449-2525', '', 'Cuesta Grande', '', 3),
(2103, '', 'ASADA Buena Vista Tanque', '', '', 'Amaranta', '', 3),
(2104, '', 'ASADA Buena Vista Pozo', '', '', 'Buena Vista', '', 3),
(2105, '2-0553-0155', 'Angelica Delgado Madrigal', '8814-2283', '', 'La libertad', '10.056612,-85.430176', 3),
(2106, '', 'Melany Venegas', '8515-6164', '', 'Pita Rayada', '10.04124,-85.384313', 3),
(2107, '', 'Luis Adolfo Castrillo Fajardo', '8788-9098', '', 'San Gerardo', '10.049445, -85.431734', 3),
(2108, '', 'Sara Maria Erb', '41797770714', '', 'Zapotal', '9.997144,-85.316589', 3),
(2109, '', 'Cecile Colnaghi', '6346-3590', '', 'Buena Vista', '9.91202, -85.53516', 3),
(2110, '', 'Rebeca Navarrte Noguera (Tj Jac Information)', '8811-1968', '', 'Garza', '9.957722,-85.615180', 3),
(2111, '', 'Steve Bliss (Camaronal)', '8658-4031', '', 'Camaronal', '', 3),
(2112, '503410703', 'Allan Obregon Lopez', '8604-6917', '', 'San Gerardo', '10.052959,-85.429768', 3),
(2113, '', 'Mariana Mayorga Perez', '6079-0703', '', 'Matmabuguito', '10.104732,-85.414536', 3),
(2114, '', 'Dafina Thur', '', '', 'Altos del socorro', '9.957628,-85.402625\n', 3),
(2115, '', 'Dayanna barthley arce ', '8690-7375', '', 'Maquenco', '9.96356,-85.51434\n', 3),
(2116, '', 'Dievy Ronaldo Carazo', '8461-6814', '', 'Pita Rayada', '10.041279,-85.384337\n', 3),
(2117, 'E4388332', 'Wolfgang con Stachelski', '8984-9852', 'wolfgangvonstachelski@gmail.com', 'Altos del socorro', '9.958354,-85.398472', 3),
(2118, '503190549', 'Manfred Ad n Vega Espinoza ', '8644-0142', 'manfredvegaespinoza@gmail.com', 'La libertad', '10.062168,-85.442467\n', 3),
(2119, '114270440', 'Mariana Madrigal Castillo', '6284-7836', 'Madrigalcastillomari559@gmail.com', 'Samara', '9.9155377,-85.526699', 3),
(2120, '3102867746', 'Cloudbird bonin  Nube', '89240495', 'acturasvidaeclectico@gmail.com', 'samara', '9.91990, -85.52607', 3),
(2121, '', 'Alejandro Arce Ulloa', '8599-4352', '', 'Buena vista', '9.910871,-85.538338', 3),
(2122, '', 'Troy (Edith Zeledon)', '8972-2929', '', 'Cuesta Grande', '9.9941381, -85.5060289', 3),
(2123, '', 'Katie Redford  (Charles Milner  Due¤o casa)', '1 250 320 3959', '', 'cuesta grande', '9.9956253, -85.5061348', 3),
(2124, '', 'Rudy Mendoza', '87088403', '', 'Esterones', '9.8859666, -85.5660899', 3),
(2125, '', 'Robert Calhoun Grainger  Casa Gaia', 'email', 'robcgrainger@msn.com', 'Garza', '9.911376,-85.61369', 3),
(2126, 'C4VW3KC36', 'Mike Schaefe', '8656-0308', 'handelschaefer@gmail.com', 'Estrada', '9.889168,-85.45307', 3),
(2127, '3-102-807060', 'Michael Keenan & Carol Guida (STEADY AS WE GO LLC SRL)', '1 (860) 933-2027', '', 'Garza', '9.911376,-85.61364', 3),
(2128, '', 'Asada San Fernando', '', '', 'San Fernando', '9.920791,-85.533432', 3),
(2129, '', 'Oldemar Matarrita Matarrita', '6312-5943', '', 'San Fernando', '', 3),
(2130, '', 'Marjurie Miranda Matamoros', '6347-0009', '', 'Estrada', '9.88162,-85.452393\n', 3),
(2131, '', 'Dixi Dayana Matarrita Salazar', '8539-6615', '', 'Pita Rayada', '10.040268,-85.383397\n', 3),
(2132, '800930432', 'Luis Alberto Romero Borge', '8821-4792', '', 'San Fernando', '9.920087,-85.533801\n', 3),
(2133, '5-0411-0977', 'Luis Fernando Mendoza Centeno', '6212-0426', '', 'La libertad', '10.062267,-85.44194\n', 3),
(2134, '502980039', 'Maria Custodia Carrillo Alem n', '8554-0930', 'deliciasdelmaiz1977@gmail.com ', 'La libertad', '10.063834,-85.426575', 3),
(2135, '503680082', 'yanina Jimnez Fajardo', '8777-6964', 'jimenezyani13@gmail.com', 'La libertad', '10.064732,-85.42910', 3),
(2136, '', 'Margaret Dunn', '8803-7700', '', 'San Fernando', '9.928835,-85.536823\n', 3),
(2137, '', 'Jaykay samara', '8328-0221', 'hillinkent@hotmail.com', 'buena vista', '9.9057649,-85.5335147', 3),
(2138, '', 'David Alberto Quiros Solis', '8372-2900', 'pepetravel85@hotmail.com', 'San Fernando', '9.918288,-85.532896\n', 3),
(2139, '', 'Marco Gawehns', '8797-1600', '', 'Estrada', '9.888861,-85.45163\n', 3),
(2140, '503200387', 'Greddy Centeno', '8807-7811', '', 'San Fernando', '9.92077,-85.533524\n', 3),
(2141, '', 'Jos µngel Montiel Torres ', '8832-6267', '', 'Huacas', '10.005968,-85.368627\n', 3),
(2142, '', 'Guillermo Angulo', '6040-8023', '', 'Altos del socorro', '9.958173,-85.399354', 3),
(2143, '', 'Justin Miller', '1 (317)797-3316', 'justrmil@gmail.com', 'Camaronal', '9.868108,-85.44017\n', 3),
(2144, '5-318-779', 'Mar¡a del Rosio S nchez Porras', '6008-3808', '', 'La libertad', '10.064023,-85.428436\n', 3),
(2145, '6-01540224', 'Manuel Chavez', '8349-3462', '', 'Estrada', '9.8899064, -85.4534774', 3),
(2146, '', 'Andrew Weinstein', '1 703 597 6175', '', 'Guiones', '9.9446728, -85.6615423', 3),
(2147, '', 'Victoria Rommelspacher', '8984-0117', '', 'Buena Vista ', '10.014439,  -85.47086', 3),
(2148, '206800040', 'Charles Fransisco Carazo Nu¤ez', '71427500 (esposa Xiomara)', '', 'Carrillo', '9.87271, -85.49882', 3),
(2149, '', 'Luis Campos ', '8422-3357', '', 'Pilangosta', '10.031751,-85.417085', 3),
(2150, '', 'Marina Benso Osti', '6136-1590', '', 'San Fernando', '9.923403,-85.5322336', 3),
(2151, '', 'Neyman Barrantes Cespedes', '64242806', '', 'cuesta grande', '10.001679,-85.511917', 3),
(2152, '', 'Eros Barrantes Castillo  (hijo Neyman)', '62958597', '', 'cuesta grande', '10.001862,-85.512314', 3),
(2153, '503530742', 'Yomar Aleman Gomez', '6458-7542', '', 'Garza ', '9.956373,-85.61567', 3),
(2154, '206130938', 'Geiner de Jes£s Espinoza Jarqu¡n', '7018-4163', '', 'San Juan', '9.956373,-85.61567', 3),
(2155, '', 'Olber Matarrita Castillo', '8862-8497', '', 'Pita Rayada', '10.049216,-85.388236\n', 3),
(2156, '105360076', 'Miguel ballesteros Marin', '8815-9035', '', 'San Fernando', '9.921875,-85.534869\n', 3),
(2157, '', 'Martin TAIT', '', '', 'delicias Garza', '', 3),
(2158, '', 'Austin Bustos Aguilar', '8670-4382', '', 'San Fernando', '9.91917,-85.532837', 3),
(2159, '113930192', 'Fabiola Carvajal Mora', '6225-0781', 'faby041208@gmail.com', 'San Fernando', '9.9195304, -85.5361699', 3),
(2160, '', 'Allen Rojas Cano', '86981172', '', 'San Fernando', '9.92094, -85.53599', 3),
(2161, '', 'CACO', '', '', 'San Fernando', '', 3),
(2162, '', 'Erika Altamirano', '8560-6508', 'erikaaltamisamara@gmail.com', 'San Fernando', '9.919169,-85.532837', 3),
(2163, '', 'Adri n Garc¡a matarrita', '8648-2767', '', 'San Fernando', '9.91017,-85.53944', 3),
(2164, '', 'Luna Centeno', '6298-7709', '', 'San Fernando', '', 3),
(2165, '503950089', 'Oscar Z£¤iga Carrillo', '8441-1192', 'repuestoszm391@gmail.com', 'San Fernando', '9.9204048,-85.533272', 3),
(2166, '113980495', 'Seidy Valdez Mora', '8607-2974', 'Mayelavaldezmo@gmail.com', 'San Fernando', '9.9208407,-85.5352521', 3),
(2167, '', 'Yordi Sanches Matarrita', '6140-7408', '', 'San Fernando', '', 3),
(2168, '', 'Elena', '', '', 'Bø Los Monos', '', 3),
(2169, '9106150', 'Juan Jos Jimnez', '7169-7156', '', 'San Fernando', '', 3),
(2170, '', 'Cira Jimenez', '8647-3957', '', 'San Fernando', '', 3),
(2171, '', 'Marvin Jimenez', '8301-0958', '', 'San Fernando', '9.920172,-85.534443', 3),
(2172, '5 354 391 ', 'Sileny Rojas Jimnez', '6210-1162', '', 'San Fernando', '9.921883,-85.53482', 3),
(2173, '503440661', 'Jose Augusto Rodriguez Castillo', '8421-6172', 'rodriguez2903@hotmail.com', 'San Gerardo', '10.05385,-85.426511', 3),
(2174, '', 'Deiby Gonz lez Alvarado', '8856-5755', 'deividg04@hotmail.com', 'San Fernando', '9.921517,-85.533887', 3),
(2175, '', 'Ileana Matarrita Matarrita', '6458-5229', '', 'San fernando', '9.921244,-85.534640', 3),
(2176, '', 'Olger Castrillo Centeno', '8974-5669', '', 'San fernando', '9.921707,-85.534518', 3),
(2177, '', ' Edel Centeno Castrillo ', '8591-9197', '', 'San fernando', '9.922221,-85.534652\n', 3),
(2178, '1.84E+11', 'Barbara miller', '8440-0459', 'Barbara@costaricatefl.com', 'San fernando', '9.9217067,-85.5345184', 3),
(2179, '', 'Carlos Rojas Matarrita', '8427-9096', '', 'San FErnando', '9.93936, -85.52046', 3),
(2180, '', 'Lidia Centeno Castrillo', '6474-1046', '', 'San Fernando', '9.93936, -85.52046', 3),
(2181, '200190908', 'Uriel Cruz Gimnez', '8713-5233', '', 'San Fernando', '9.921452,-85.534289', 3),
(2182, '501990696', 'Jos Valverde Rodriguez', '6008-3318', '', 'San Gerardo', '10.053939,-85.426661\n', 3),
(2183, '', 'Melvin Matarrita', '8460-7101', '', 'Pita Rayada', '10.038568,-85.385556\n', 3),
(2184, '', 'Ever Rojas ', '6316-5661', '', 'San Fernando', '9.92078, -85.53496', 3),
(2185, '', 'Alfonzo D¡az Mendoza', '7111-1132', '', 'San Fernando', '9.920132,-85.532067', 3),
(2186, '', 'Melvin Rom n espinoza castillo', '8862-9893', '', 'San Juan Nosara', '9.955967,-85.615705', 3),
(2187, '', 'CUBO TRES CONSTRUCCIàN S.A ', '8620-0245', '', 'San Juan Nosara', '9.955967,-85.615707\n', 3),
(2188, '', 'Luis Matarrita Jiron ', '8815-0318', '', 'San Fernando', '9.918091,-85.541361', 3),
(2189, '', 'Steven ugarte henrriquez', '6297-0231', '', 'San Fernando', '9.91588,-85.539192', 3),
(2190, '', 'Karen Carrillo Ruiz', '6430-7152', '', 'San Fernando', '9.91588,-85.539192', 3),
(2191, '501800702', 'Mar¡a Ins L¢pez Gomez', '8344-8914', '', 'San Fernando', '9.921435,-85.5344429', 3),
(2192, '', 'William Smith Quintero', '8452-5656', '', 'San Fernando', '9.920455,-85.5292667', 3),
(2193, '', 'Celian Valverde Vega', '88231933', '', 'San Fernando', '9.90665, -85.53628', 3),
(2194, '105130824', 'Maria del Rocio Salas Porras', '62260250', 'rocisalas29@gmail.com', 'San Fernando', '9.9173906, -85.5337700', 3),
(2195, '', 'Andres Pajaron ', '6441-5925', '', 'Vista Royal', '9.925711,-85.63875\n', 3),
(2196, '', 'Noriel Quesada Torres', '62433017', '', 'San Fernando', '9.9200185, -85.5334612', 3),
(2197, '', 'Jocelyn Valencia Serrano', '86693376', '', 'San Fernando', '9.92659, -85.53509', 3),
(2198, 'HM436349', 'Michael schuler', '8540-8484', 'Mschuler1@gmail.com', 'Camaronal ', '9.869284,-85.444504\n', 3),
(2199, '502760515', 'Luz Meri Carrillo Castillo', '6062-0805      8739-9850', '', 'Pita Rayada', '10.047075,-85.388501\n', 3);

-- --------------------------------------------------------

--
-- Table structure for table `contrato`
--

CREATE TABLE `contrato` (
  `id_contrato` int(11) NOT NULL,
  `numero_contrato` varchar(255) DEFAULT NULL,
  `numero_facturacion` varchar(255) DEFAULT NULL,
  `TMU` varchar(255) DEFAULT NULL,
  `fecha_instalacion` date DEFAULT NULL,
  `monto_instalacion` double DEFAULT NULL,
  `abono_instalacion` double DEFAULT NULL,
  `mensualidad` double DEFAULT NULL,
  `fecha_cobro` date DEFAULT NULL,
  `fecha_corte` date DEFAULT NULL,
  `debe_mensualidad` tinyint(1) DEFAULT 0,
  `id_cliente` int(11) NOT NULL,
  `activo` tinyint(1) DEFAULT 1
) ENGINE=InnoDB DEFAULT CHARSET=utf8mb4 COLLATE=utf8mb4_general_ci;

--
-- Dumping data for table `contrato`
--

INSERT INTO `contrato` (`id_contrato`, `numero_contrato`, `numero_facturacion`, `TMU`, `fecha_instalacion`, `monto_instalacion`, `abono_instalacion`, `mensualidad`, `fecha_cobro`, `fecha_corte`, `debe_mensualidad`, `id_cliente`, `activo`) VALUES
(1166, NULL, '', '', NULL, NULL, NULL, NULL, NULL, NULL, 1, 1880, 1),
(1167, NULL, '', '', NULL, NULL, NULL, NULL, NULL, NULL, 1, 1881, 1),
(1168, NULL, '', '', NULL, NULL, NULL, NULL, NULL, NULL, 1, 1882, 1),
(1169, NULL, '', '', NULL, NULL, NULL, NULL, NULL, NULL, 1, 1883, 1),
(1170, NULL, '', '', NULL, NULL, NULL, NULL, NULL, NULL, 1, 1884, 1),
(1171, NULL, '', '', NULL, NULL, NULL, NULL, NULL, NULL, 1, 1885, 1),
(1172, NULL, '', '', NULL, NULL, NULL, NULL, NULL, NULL, 1, 1886, 1),
(1173, NULL, '', '', NULL, NULL, NULL, NULL, NULL, NULL, 1, 1887, 1),
(1174, NULL, '', '', NULL, NULL, NULL, NULL, NULL, NULL, 1, 1888, 1),
(1175, NULL, '', '', NULL, NULL, NULL, NULL, NULL, NULL, 1, 1889, 1),
(1176, NULL, '', '', NULL, NULL, NULL, NULL, NULL, NULL, 1, 1890, 1),
(1177, NULL, '', '', NULL, NULL, NULL, NULL, NULL, NULL, 1, 1891, 1),
(1178, NULL, '', '', NULL, NULL, NULL, NULL, NULL, NULL, 1, 1892, 1),
(1179, NULL, '', '', NULL, NULL, NULL, NULL, NULL, NULL, 1, 1893, 1),
(1180, NULL, '', '', NULL, NULL, NULL, NULL, NULL, NULL, 1, 1894, 1),
(1181, NULL, '', '', NULL, NULL, NULL, NULL, NULL, NULL, 1, 1895, 1),
(1182, NULL, '', '', NULL, NULL, NULL, NULL, NULL, NULL, 1, 1896, 1),
(1183, NULL, '', '', NULL, NULL, NULL, NULL, NULL, NULL, 1, 1897, 1),
(1184, NULL, '', '', NULL, NULL, NULL, NULL, NULL, NULL, 1, 1898, 1),
(1185, NULL, '', '', NULL, NULL, NULL, NULL, NULL, NULL, 1, 1899, 1),
(1186, NULL, '', '', NULL, NULL, NULL, NULL, NULL, NULL, 1, 1900, 1),
(1187, NULL, '', '', NULL, NULL, NULL, NULL, NULL, NULL, 1, 1901, 1),
(1188, NULL, '', '', NULL, NULL, NULL, NULL, NULL, NULL, 1, 1902, 1),
(1189, NULL, '', '', NULL, NULL, NULL, NULL, NULL, NULL, 1, 1903, 1),
(1190, NULL, '', '', NULL, NULL, NULL, NULL, NULL, NULL, 1, 1904, 1),
(1191, NULL, '', '', NULL, NULL, NULL, NULL, NULL, NULL, 1, 1905, 1),
(1192, NULL, '', '', NULL, NULL, NULL, NULL, NULL, NULL, 1, 1906, 1),
(1193, NULL, '', '', NULL, NULL, NULL, NULL, NULL, NULL, 1, 1907, 1),
(1194, NULL, '', '', NULL, NULL, NULL, NULL, NULL, NULL, 1, 1908, 1),
(1195, NULL, '1031', '127', NULL, NULL, NULL, NULL, NULL, NULL, 1, 1909, 1),
(1196, NULL, '', '', NULL, NULL, NULL, NULL, NULL, NULL, 1, 1910, 1),
(1197, NULL, '', '', NULL, NULL, NULL, NULL, NULL, NULL, 1, 1911, 1),
(1198, NULL, '', '', NULL, NULL, NULL, NULL, NULL, NULL, 1, 1912, 1),
(1199, NULL, '', '', NULL, NULL, NULL, NULL, NULL, NULL, 1, 1913, 1),
(1200, NULL, '', '', NULL, NULL, NULL, NULL, NULL, NULL, 1, 1914, 1),
(1201, NULL, '', '', NULL, NULL, NULL, NULL, NULL, NULL, 1, 1915, 1),
(1202, NULL, '1030', '128', NULL, NULL, NULL, NULL, NULL, NULL, 1, 1916, 1),
(1203, NULL, '', '', NULL, NULL, NULL, NULL, NULL, NULL, 1, 1917, 1),
(1204, NULL, '', '', NULL, NULL, NULL, NULL, NULL, NULL, 1, 1918, 1),
(1205, NULL, '', '', NULL, NULL, NULL, NULL, NULL, NULL, 1, 1919, 1),
(1206, NULL, '', '', NULL, NULL, NULL, NULL, NULL, NULL, 1, 1920, 1),
(1207, NULL, '', '', NULL, NULL, NULL, NULL, NULL, NULL, 1, 1921, 1),
(1208, NULL, '', '', NULL, NULL, NULL, NULL, NULL, NULL, 1, 1922, 1),
(1209, NULL, '', '', NULL, NULL, NULL, NULL, NULL, NULL, 1, 1923, 1),
(1210, NULL, '', '', NULL, NULL, NULL, NULL, NULL, NULL, 1, 1924, 1),
(1211, NULL, '', '', NULL, NULL, NULL, NULL, NULL, NULL, 1, 1925, 1),
(1212, NULL, '', '', NULL, NULL, NULL, NULL, NULL, NULL, 1, 1926, 1),
(1213, NULL, '', '', NULL, NULL, NULL, NULL, NULL, NULL, 1, 1927, 1),
(1214, NULL, '', '', NULL, NULL, NULL, NULL, NULL, NULL, 1, 1928, 1),
(1215, NULL, '', '', NULL, NULL, NULL, NULL, NULL, NULL, 1, 1929, 1),
(1216, NULL, '', '', NULL, NULL, NULL, NULL, NULL, NULL, 1, 1930, 1),
(1217, NULL, '', '', NULL, NULL, NULL, NULL, NULL, NULL, 1, 1931, 1),
(1218, NULL, '', '', NULL, NULL, NULL, NULL, NULL, NULL, 1, 1932, 1),
(1219, NULL, '', '', NULL, NULL, NULL, NULL, NULL, NULL, 1, 1933, 1),
(1220, NULL, '', '', NULL, NULL, NULL, NULL, NULL, NULL, 1, 1934, 1),
(1221, NULL, '', '', NULL, NULL, NULL, NULL, NULL, NULL, 1, 1935, 1),
(1222, NULL, '', '', NULL, NULL, NULL, NULL, NULL, NULL, 1, 1936, 1),
(1223, NULL, '', '', NULL, NULL, NULL, NULL, NULL, NULL, 1, 1937, 1),
(1224, NULL, '', '', NULL, NULL, NULL, NULL, NULL, NULL, 1, 1938, 1),
(1225, NULL, '', '', NULL, NULL, NULL, NULL, NULL, NULL, 1, 1939, 1),
(1226, NULL, '', '', NULL, NULL, NULL, NULL, NULL, NULL, 1, 1940, 1),
(1227, NULL, '', '', NULL, NULL, NULL, NULL, NULL, NULL, 1, 1941, 1),
(1228, NULL, '1054', '128', NULL, NULL, NULL, NULL, NULL, NULL, 1, 1942, 1),
(1229, NULL, '', '', NULL, NULL, NULL, NULL, NULL, NULL, 1, 1943, 1),
(1230, NULL, '', '', NULL, NULL, NULL, NULL, NULL, NULL, 1, 1944, 1),
(1231, NULL, '', '', NULL, NULL, NULL, NULL, NULL, NULL, 1, 1945, 1),
(1232, NULL, '', '', NULL, NULL, NULL, NULL, NULL, NULL, 1, 1946, 1),
(1233, NULL, '', '', NULL, NULL, NULL, NULL, NULL, NULL, 1, 1947, 1),
(1234, NULL, '', '', NULL, NULL, NULL, NULL, NULL, NULL, 1, 1948, 1),
(1235, NULL, '', '', NULL, NULL, NULL, NULL, NULL, NULL, 1, 1949, 1),
(1236, NULL, '', '', NULL, NULL, NULL, NULL, NULL, NULL, 1, 1950, 1),
(1237, NULL, '', '', NULL, NULL, NULL, NULL, NULL, NULL, 1, 1951, 1),
(1238, NULL, '', '', NULL, NULL, NULL, NULL, NULL, NULL, 1, 1952, 1),
(1239, NULL, '', '', NULL, NULL, NULL, NULL, NULL, NULL, 1, 1953, 1),
(1240, NULL, '', '', NULL, NULL, NULL, NULL, NULL, NULL, 1, 1954, 1),
(1241, NULL, '', '', NULL, NULL, NULL, NULL, NULL, NULL, 1, 1955, 1),
(1242, NULL, '', '', NULL, NULL, NULL, NULL, NULL, NULL, 1, 1956, 1),
(1243, NULL, '1033', '128', NULL, NULL, NULL, NULL, NULL, NULL, 1, 1957, 1),
(1244, NULL, '', '', NULL, NULL, NULL, NULL, NULL, NULL, 1, 1958, 1),
(1245, NULL, '', '', NULL, NULL, NULL, NULL, NULL, NULL, 1, 1959, 1),
(1246, NULL, '', '', NULL, NULL, NULL, NULL, NULL, NULL, 1, 1960, 1),
(1247, NULL, '', '', NULL, NULL, NULL, NULL, NULL, NULL, 1, 1961, 1),
(1248, NULL, '', '', NULL, NULL, NULL, NULL, NULL, NULL, 1, 1962, 1),
(1249, NULL, '1034', '130', NULL, NULL, NULL, NULL, NULL, NULL, 1, 1963, 1),
(1250, NULL, '', '', NULL, NULL, NULL, NULL, NULL, NULL, 1, 1964, 1),
(1251, NULL, '', '', NULL, NULL, NULL, NULL, NULL, NULL, 1, 1965, 1),
(1252, NULL, '', '', NULL, NULL, NULL, NULL, NULL, NULL, 1, 1966, 1),
(1253, NULL, '', '', NULL, NULL, NULL, NULL, NULL, NULL, 1, 1967, 1),
(1254, NULL, '', '', NULL, NULL, NULL, NULL, NULL, NULL, 1, 1968, 1),
(1255, NULL, '', '', NULL, NULL, NULL, NULL, NULL, NULL, 1, 1969, 1),
(1256, NULL, '', '', NULL, NULL, NULL, NULL, NULL, NULL, 1, 1970, 1),
(1257, NULL, '', '', NULL, NULL, NULL, NULL, NULL, NULL, 1, 1971, 1),
(1258, NULL, '', '', NULL, NULL, NULL, NULL, NULL, NULL, 1, 1972, 1),
(1259, NULL, '', '', NULL, NULL, NULL, NULL, NULL, NULL, 1, 1973, 1),
(1260, NULL, '', '', NULL, NULL, NULL, NULL, NULL, NULL, 1, 1974, 1),
(1261, NULL, '', '', NULL, NULL, NULL, NULL, NULL, NULL, 1, 1975, 1),
(1262, NULL, '1061', '158', NULL, NULL, NULL, NULL, NULL, NULL, 1, 1976, 1),
(1263, NULL, '', '', NULL, NULL, NULL, NULL, NULL, NULL, 1, 1977, 1),
(1264, NULL, '', '', NULL, NULL, NULL, NULL, NULL, NULL, 1, 1978, 1),
(1265, NULL, '1037', '130', NULL, NULL, NULL, NULL, NULL, NULL, 1, 1979, 1),
(1266, NULL, '', '', NULL, NULL, NULL, NULL, NULL, NULL, 1, 1980, 1),
(1267, NULL, '', '', NULL, NULL, NULL, NULL, NULL, NULL, 1, 1981, 1),
(1268, NULL, '', '', NULL, NULL, NULL, NULL, NULL, NULL, 1, 1982, 1),
(1269, NULL, '', '', NULL, NULL, NULL, NULL, NULL, NULL, 1, 1983, 1),
(1270, NULL, '', '', NULL, NULL, NULL, NULL, NULL, NULL, 1, 1984, 1),
(1271, NULL, '', '', NULL, NULL, NULL, NULL, NULL, NULL, 1, 1985, 1),
(1272, NULL, '', '', NULL, NULL, NULL, NULL, NULL, NULL, 1, 1986, 1),
(1273, NULL, '', '', NULL, NULL, NULL, NULL, NULL, NULL, 1, 1987, 1),
(1274, NULL, '1070', '132', NULL, NULL, NULL, NULL, NULL, NULL, 1, 1988, 1),
(1275, NULL, '', '', NULL, NULL, NULL, NULL, NULL, NULL, 1, 1989, 1),
(1276, NULL, '', '', NULL, NULL, NULL, NULL, NULL, NULL, 1, 1990, 1),
(1277, NULL, '', '', NULL, NULL, NULL, NULL, NULL, NULL, 1, 1991, 1),
(1278, NULL, '', '', NULL, NULL, NULL, NULL, NULL, NULL, 1, 1992, 1),
(1279, NULL, '', '', NULL, NULL, NULL, NULL, NULL, NULL, 1, 1993, 1),
(1280, NULL, '', '', NULL, NULL, NULL, NULL, NULL, NULL, 1, 1994, 1),
(1281, NULL, '', '', NULL, NULL, NULL, NULL, NULL, NULL, 1, 1995, 1),
(1282, NULL, '1051', '132', NULL, NULL, NULL, NULL, NULL, NULL, 1, 1996, 1),
(1283, NULL, '', '', NULL, NULL, NULL, NULL, NULL, NULL, 1, 1997, 1),
(1284, NULL, '', '', NULL, NULL, NULL, NULL, NULL, NULL, 1, 1998, 1),
(1285, NULL, '', '190', NULL, NULL, NULL, NULL, NULL, NULL, 1, 1999, 1),
(1286, NULL, '', '', NULL, NULL, NULL, NULL, NULL, NULL, 1, 2000, 1),
(1287, NULL, '', '', NULL, NULL, NULL, NULL, NULL, NULL, 1, 2001, 1),
(1288, NULL, '', '', NULL, NULL, NULL, NULL, NULL, NULL, 1, 2002, 1),
(1289, NULL, '1045', '126', NULL, NULL, NULL, NULL, NULL, NULL, 1, 2003, 1),
(1290, NULL, '1035', '127', NULL, NULL, NULL, NULL, NULL, NULL, 1, 2004, 1),
(1291, NULL, '', '', NULL, NULL, NULL, NULL, NULL, NULL, 1, 2005, 1),
(1292, NULL, '', '', NULL, NULL, NULL, NULL, NULL, NULL, 1, 2006, 1),
(1293, NULL, '', '', NULL, NULL, NULL, NULL, NULL, NULL, 1, 2007, 1),
(1294, NULL, '', '', NULL, NULL, NULL, NULL, NULL, NULL, 1, 2008, 1),
(1295, NULL, '', '', NULL, NULL, NULL, NULL, NULL, NULL, 1, 2009, 1),
(1296, NULL, '', '', NULL, NULL, NULL, NULL, NULL, NULL, 1, 2010, 1),
(1297, NULL, '', '', NULL, NULL, NULL, NULL, NULL, NULL, 1, 2011, 1),
(1298, NULL, '', '', NULL, NULL, NULL, NULL, NULL, NULL, 1, 2012, 1),
(1299, NULL, '', '', NULL, NULL, NULL, NULL, NULL, NULL, 1, 2013, 1),
(1300, NULL, '', '', NULL, NULL, NULL, NULL, NULL, NULL, 1, 2014, 1),
(1301, NULL, '', '', NULL, NULL, NULL, NULL, NULL, NULL, 1, 2015, 1),
(1302, NULL, '', '', NULL, NULL, NULL, NULL, NULL, NULL, 1, 2016, 1),
(1303, NULL, '1036', '130', NULL, NULL, NULL, NULL, NULL, NULL, 1, 2017, 1),
(1304, NULL, '', '', NULL, NULL, NULL, NULL, NULL, NULL, 1, 2018, 1),
(1305, NULL, '', '', NULL, NULL, NULL, NULL, NULL, NULL, 1, 2019, 1),
(1306, NULL, '', '', NULL, NULL, NULL, NULL, NULL, NULL, 1, 2020, 1),
(1307, NULL, '', '', NULL, NULL, NULL, NULL, NULL, NULL, 1, 2021, 1),
(1308, NULL, '', '', NULL, NULL, NULL, NULL, NULL, NULL, 1, 2022, 1),
(1309, NULL, '', '', NULL, NULL, NULL, NULL, NULL, NULL, 1, 2023, 1),
(1310, NULL, '', '', NULL, NULL, NULL, NULL, NULL, NULL, 1, 2024, 1),
(1311, NULL, '', '', NULL, NULL, NULL, NULL, NULL, NULL, 1, 2025, 1),
(1312, NULL, '', '', NULL, NULL, NULL, NULL, NULL, NULL, 1, 2026, 1),
(1313, NULL, '1055', '128', NULL, NULL, NULL, NULL, NULL, NULL, 1, 2027, 1),
(1314, NULL, '', '', NULL, NULL, NULL, NULL, NULL, NULL, 1, 2028, 1),
(1315, NULL, '1038', '131', NULL, NULL, NULL, NULL, NULL, NULL, 1, 2029, 1),
(1316, NULL, '', '', NULL, NULL, NULL, NULL, NULL, NULL, 1, 2030, 1),
(1317, NULL, '1032', '129', NULL, NULL, NULL, NULL, NULL, NULL, 1, 2031, 1),
(1318, NULL, '', '', NULL, NULL, NULL, NULL, NULL, NULL, 1, 2032, 1),
(1319, NULL, '', '', NULL, NULL, NULL, NULL, NULL, NULL, 1, 2033, 1),
(1320, NULL, '', '', NULL, NULL, NULL, NULL, NULL, NULL, 1, 2034, 1),
(1321, NULL, '', '', NULL, NULL, NULL, NULL, NULL, NULL, 1, 2035, 1),
(1322, NULL, '', '', NULL, NULL, NULL, NULL, NULL, NULL, 1, 2036, 1),
(1323, NULL, '', '', NULL, NULL, NULL, NULL, NULL, NULL, 1, 2037, 1),
(1324, NULL, '', '', NULL, NULL, NULL, NULL, NULL, NULL, 1, 2038, 1),
(1325, NULL, '', '', NULL, NULL, NULL, NULL, NULL, NULL, 1, 2039, 1),
(1326, NULL, '', '', NULL, NULL, NULL, NULL, NULL, NULL, 1, 2040, 1),
(1327, NULL, '', '', NULL, NULL, NULL, NULL, NULL, NULL, 1, 2041, 1),
(1328, NULL, '', '', NULL, NULL, NULL, NULL, NULL, NULL, 1, 2042, 1),
(1329, NULL, '', '', NULL, NULL, NULL, NULL, NULL, NULL, 1, 2043, 1),
(1330, NULL, '', '', NULL, NULL, NULL, NULL, NULL, NULL, 1, 2044, 1),
(1331, NULL, '', '', NULL, NULL, NULL, NULL, NULL, NULL, 1, 2045, 1),
(1332, NULL, '', '', NULL, NULL, NULL, NULL, NULL, NULL, 1, 2046, 1),
(1333, NULL, '', '', NULL, NULL, NULL, NULL, NULL, NULL, 1, 2047, 1),
(1334, NULL, '', '', NULL, NULL, NULL, NULL, NULL, NULL, 1, 2048, 1),
(1335, NULL, '1076', '128', NULL, NULL, NULL, NULL, NULL, NULL, 1, 2049, 1),
(1336, NULL, '1050', '128', NULL, NULL, NULL, NULL, NULL, NULL, 1, 2050, 1),
(1337, NULL, '', '', NULL, NULL, NULL, NULL, NULL, NULL, 1, 2051, 1),
(1338, NULL, '', '', NULL, NULL, NULL, NULL, NULL, NULL, 1, 2052, 1),
(1339, NULL, '', '', NULL, NULL, NULL, NULL, NULL, NULL, 1, 2053, 1),
(1340, NULL, '', '', NULL, NULL, NULL, NULL, NULL, NULL, 1, 2054, 1),
(1341, NULL, '', '', NULL, NULL, NULL, NULL, NULL, NULL, 1, 2055, 1),
(1342, NULL, '', '', NULL, NULL, NULL, NULL, NULL, NULL, 1, 2056, 1),
(1343, NULL, '', '', NULL, NULL, NULL, NULL, NULL, NULL, 1, 2057, 1),
(1344, NULL, '', '', NULL, NULL, NULL, NULL, NULL, NULL, 1, 2058, 1),
(1345, NULL, '', '', NULL, NULL, NULL, NULL, NULL, NULL, 1, 2059, 1),
(1346, NULL, '1056   Tiq', '132', NULL, NULL, NULL, NULL, NULL, NULL, 1, 2060, 1),
(1347, NULL, '', '', NULL, NULL, NULL, NULL, NULL, NULL, 1, 2061, 1),
(1348, NULL, '', '', NULL, NULL, NULL, NULL, NULL, NULL, 1, 2062, 1),
(1349, NULL, 'Fact', '127', NULL, NULL, NULL, NULL, NULL, NULL, 1, 2063, 1),
(1350, NULL, 'Fact', '128', NULL, NULL, NULL, NULL, NULL, NULL, 1, 2064, 1),
(1351, NULL, '', '', NULL, NULL, NULL, NULL, NULL, NULL, 1, 2065, 1),
(1352, NULL, '', '', NULL, NULL, NULL, NULL, NULL, NULL, 1, 2066, 1),
(1353, NULL, '1047', '132', NULL, NULL, NULL, NULL, NULL, NULL, 1, 2067, 1),
(1354, NULL, '', '', NULL, NULL, NULL, NULL, NULL, NULL, 1, 2068, 1),
(1355, NULL, '1046', '131', NULL, NULL, NULL, NULL, NULL, NULL, 1, 2069, 1),
(1356, NULL, '1046', '131', NULL, NULL, NULL, NULL, NULL, NULL, 1, 2070, 1),
(1357, NULL, '', '', NULL, NULL, NULL, NULL, NULL, NULL, 1, 2071, 1),
(1358, NULL, '', '', NULL, NULL, NULL, NULL, NULL, NULL, 1, 2072, 1),
(1359, NULL, '', '', NULL, NULL, NULL, NULL, NULL, NULL, 1, 2073, 1),
(1360, NULL, '', '', NULL, NULL, NULL, NULL, NULL, NULL, 1, 2074, 1),
(1361, NULL, '', '', NULL, NULL, NULL, NULL, NULL, NULL, 1, 2075, 1),
(1362, NULL, '', '', NULL, NULL, NULL, NULL, NULL, NULL, 1, 2076, 1),
(1363, NULL, '', '', NULL, NULL, NULL, NULL, NULL, NULL, 1, 2077, 1),
(1364, NULL, '1057  Tiq', '128', NULL, NULL, NULL, NULL, NULL, NULL, 1, 2078, 1),
(1365, NULL, '1052', '130', NULL, NULL, NULL, NULL, NULL, NULL, 1, 2079, 1),
(1366, NULL, '', '', NULL, NULL, NULL, NULL, NULL, NULL, 1, 2080, 1),
(1367, NULL, '', '', NULL, NULL, NULL, NULL, NULL, NULL, 1, 2081, 1),
(1368, NULL, '', '', NULL, NULL, NULL, NULL, NULL, NULL, 1, 2082, 1),
(1369, NULL, '', '', NULL, NULL, NULL, NULL, NULL, NULL, 1, 2083, 1),
(1370, NULL, '', '', NULL, NULL, NULL, NULL, NULL, NULL, 1, 2084, 1),
(1371, NULL, '', '', NULL, NULL, NULL, NULL, NULL, NULL, 1, 2085, 1),
(1372, NULL, '1079', '128', NULL, NULL, NULL, NULL, NULL, NULL, 1, 2086, 1),
(1373, NULL, '1060', '130', NULL, NULL, NULL, NULL, NULL, NULL, 1, 2087, 1),
(1374, NULL, '1078', '128', NULL, NULL, NULL, NULL, NULL, NULL, 1, 2088, 1),
(1375, NULL, '', '', NULL, NULL, NULL, NULL, NULL, NULL, 1, 2089, 1),
(1376, NULL, '', '', NULL, NULL, NULL, NULL, NULL, NULL, 1, 2090, 1),
(1377, NULL, '1064', '127', NULL, NULL, NULL, NULL, NULL, NULL, 1, 2091, 1),
(1378, NULL, '1063', '132', NULL, NULL, NULL, NULL, NULL, NULL, 1, 2092, 1),
(1379, NULL, '', '', NULL, NULL, NULL, NULL, NULL, NULL, 1, 2093, 1),
(1380, NULL, '', '130', NULL, NULL, NULL, NULL, NULL, NULL, 1, 2094, 1),
(1381, NULL, '', '', NULL, NULL, NULL, NULL, NULL, NULL, 1, 2095, 1),
(1382, NULL, '1065', '128', NULL, NULL, NULL, NULL, NULL, NULL, 1, 2096, 1),
(1383, NULL, '', '', NULL, NULL, NULL, NULL, NULL, NULL, 1, 2097, 1),
(1384, NULL, '', '', NULL, NULL, NULL, NULL, NULL, NULL, 1, 2098, 1),
(1385, NULL, '', '', NULL, NULL, NULL, NULL, NULL, NULL, 1, 2099, 1),
(1386, NULL, '1089', '128', NULL, NULL, NULL, NULL, NULL, NULL, 1, 2100, 1),
(1387, NULL, '', '', NULL, NULL, NULL, NULL, NULL, NULL, 1, 2101, 1),
(1388, NULL, '1069', '128', NULL, NULL, NULL, NULL, NULL, NULL, 1, 2102, 1),
(1389, NULL, '', '', NULL, NULL, NULL, NULL, NULL, NULL, 1, 2103, 1),
(1390, NULL, '', '', NULL, NULL, NULL, NULL, NULL, NULL, 1, 2104, 1),
(1391, NULL, '', '', NULL, NULL, NULL, NULL, NULL, NULL, 1, 2105, 1),
(1392, NULL, '', '', NULL, NULL, NULL, NULL, NULL, NULL, 1, 2106, 1),
(1393, NULL, '', '', NULL, NULL, NULL, NULL, NULL, NULL, 1, 2107, 1),
(1394, NULL, '', '', NULL, NULL, NULL, NULL, NULL, NULL, 1, 2108, 1),
(1395, NULL, '', '131', NULL, NULL, NULL, NULL, NULL, NULL, 1, 2109, 1),
(1396, NULL, '1068', '120', NULL, NULL, NULL, NULL, NULL, NULL, 1, 2110, 1),
(1397, NULL, '1067', '130', NULL, NULL, NULL, NULL, NULL, NULL, 1, 2111, 1),
(1398, NULL, '', '', NULL, NULL, NULL, NULL, NULL, NULL, 1, 2112, 1),
(1399, NULL, '', '', NULL, NULL, NULL, NULL, NULL, NULL, 1, 2113, 1),
(1400, NULL, '', '', NULL, NULL, NULL, NULL, NULL, NULL, 1, 2114, 1),
(1401, NULL, '', '', NULL, NULL, NULL, NULL, NULL, NULL, 1, 2115, 1),
(1402, NULL, '', '', NULL, NULL, NULL, NULL, NULL, NULL, 1, 2116, 1),
(1403, NULL, '1071', '128', NULL, NULL, NULL, NULL, NULL, NULL, 1, 2117, 1),
(1404, NULL, '1072', '128', NULL, NULL, NULL, NULL, NULL, NULL, 1, 2118, 1),
(1405, NULL, '', '', NULL, NULL, NULL, NULL, NULL, NULL, 1, 2119, 1),
(1406, NULL, '1074', '128', NULL, NULL, NULL, NULL, NULL, NULL, 1, 2120, 1),
(1407, NULL, '', '', NULL, NULL, NULL, NULL, NULL, NULL, 1, 2121, 1),
(1408, NULL, '', '', NULL, NULL, NULL, NULL, NULL, NULL, 1, 2122, 1),
(1409, NULL, '', '', NULL, NULL, NULL, NULL, NULL, NULL, 1, 2123, 1),
(1410, NULL, '', '', NULL, NULL, NULL, NULL, NULL, NULL, 1, 2124, 1),
(1411, NULL, '1083', '184 email', NULL, NULL, NULL, NULL, NULL, NULL, 1, 2125, 1),
(1412, NULL, '1075', '131', NULL, NULL, NULL, NULL, NULL, NULL, 1, 2126, 1),
(1413, NULL, '1080', '120', NULL, NULL, NULL, NULL, NULL, NULL, 1, 2127, 1),
(1414, NULL, '', '', NULL, NULL, NULL, NULL, NULL, NULL, 1, 2128, 1),
(1415, NULL, '', '', NULL, NULL, NULL, NULL, NULL, NULL, 1, 2129, 1),
(1416, NULL, '', '', NULL, NULL, NULL, NULL, NULL, NULL, 1, 2130, 1),
(1417, NULL, '', '', NULL, NULL, NULL, NULL, NULL, NULL, 1, 2131, 1),
(1418, NULL, '', '', NULL, NULL, NULL, NULL, NULL, NULL, 1, 2132, 1),
(1419, NULL, '', '', NULL, NULL, NULL, NULL, NULL, NULL, 1, 2133, 1),
(1420, NULL, '', '', NULL, NULL, NULL, NULL, NULL, NULL, 1, 2134, 1),
(1421, NULL, '', '', NULL, NULL, NULL, NULL, NULL, NULL, 1, 2135, 1),
(1422, NULL, '', '', NULL, NULL, NULL, NULL, NULL, NULL, 1, 2136, 1),
(1423, NULL, '', 'email', NULL, NULL, NULL, NULL, NULL, NULL, 1, 2137, 1),
(1424, NULL, '1077', '130', NULL, NULL, NULL, NULL, NULL, NULL, 1, 2138, 1),
(1425, NULL, '1081', '131', NULL, NULL, NULL, NULL, NULL, NULL, 1, 2139, 1),
(1426, NULL, '1082', '127', NULL, NULL, NULL, NULL, NULL, NULL, 1, 2140, 1),
(1427, NULL, '', '', NULL, NULL, NULL, NULL, NULL, NULL, 1, 2141, 1),
(1428, NULL, '1060', '126', NULL, NULL, NULL, NULL, NULL, NULL, 1, 2142, 1),
(1429, NULL, '1067', '130', NULL, NULL, NULL, NULL, NULL, NULL, 1, 2143, 1),
(1430, NULL, '', '', NULL, NULL, NULL, NULL, NULL, NULL, 1, 2144, 1),
(1431, NULL, '', '', NULL, NULL, NULL, NULL, NULL, NULL, 1, 2145, 1),
(1432, NULL, '', '', NULL, NULL, NULL, NULL, NULL, NULL, 1, 2146, 1),
(1433, NULL, '', '', NULL, NULL, NULL, NULL, NULL, NULL, 1, 2147, 1),
(1434, NULL, '', '', NULL, NULL, NULL, NULL, NULL, NULL, 1, 2148, 1),
(1435, NULL, '', '', NULL, NULL, NULL, NULL, NULL, NULL, 1, 2149, 1),
(1436, NULL, '', '', NULL, NULL, NULL, NULL, NULL, NULL, 1, 2150, 1),
(1437, NULL, '', '', NULL, NULL, NULL, NULL, NULL, NULL, 1, 2151, 1),
(1438, NULL, '', '', NULL, NULL, NULL, NULL, NULL, NULL, 1, 2152, 1),
(1439, NULL, '', '', NULL, NULL, NULL, NULL, NULL, NULL, 1, 2153, 1),
(1440, NULL, '', '', NULL, NULL, NULL, NULL, NULL, NULL, 1, 2154, 1),
(1441, NULL, '', '', NULL, NULL, NULL, NULL, NULL, NULL, 1, 2155, 1),
(1442, NULL, '1084', '127', NULL, NULL, NULL, NULL, NULL, NULL, 1, 2156, 1),
(1443, NULL, '1040', '132', NULL, NULL, NULL, NULL, NULL, NULL, 1, 2157, 1),
(1444, NULL, '', '', NULL, NULL, NULL, NULL, NULL, NULL, 1, 2158, 1),
(1445, NULL, '1087', '127', NULL, NULL, NULL, NULL, NULL, NULL, 1, 2159, 1),
(1446, NULL, '', '', NULL, NULL, NULL, NULL, NULL, NULL, 1, 2160, 1),
(1447, NULL, 'regalia', 'regalia', NULL, NULL, NULL, NULL, NULL, NULL, 1, 2161, 1),
(1448, NULL, 'Tiquet ', '128', NULL, NULL, NULL, NULL, NULL, NULL, 1, 2162, 1),
(1449, NULL, '', '', NULL, NULL, NULL, NULL, NULL, NULL, 1, 2163, 1),
(1450, NULL, '', '', NULL, NULL, NULL, NULL, NULL, NULL, 1, 2164, 1),
(1451, NULL, '1085', '128', NULL, NULL, NULL, NULL, NULL, NULL, 1, 2165, 1),
(1452, NULL, '', '', NULL, NULL, NULL, NULL, NULL, NULL, 1, 2166, 1),
(1453, NULL, '', '', NULL, NULL, NULL, NULL, NULL, NULL, 1, 2167, 1),
(1454, NULL, '', '', NULL, NULL, NULL, NULL, NULL, NULL, 1, 2168, 1),
(1455, NULL, '', '', NULL, NULL, NULL, NULL, NULL, NULL, 1, 2169, 1),
(1456, NULL, '', '', NULL, NULL, NULL, NULL, NULL, NULL, 1, 2170, 1),
(1457, NULL, '', '', NULL, NULL, NULL, NULL, NULL, NULL, 1, 2171, 1),
(1458, NULL, '', '', NULL, NULL, NULL, NULL, NULL, NULL, 1, 2172, 1),
(1459, NULL, '', '', NULL, NULL, NULL, NULL, NULL, NULL, 1, 2173, 1),
(1460, NULL, '', '', NULL, NULL, NULL, NULL, NULL, NULL, 1, 2174, 1),
(1461, NULL, '', '', NULL, NULL, NULL, NULL, NULL, NULL, 1, 2175, 1),
(1462, NULL, '', '', NULL, NULL, NULL, NULL, NULL, NULL, 1, 2176, 1),
(1463, NULL, '', '', NULL, NULL, NULL, NULL, NULL, NULL, 1, 2177, 1),
(1464, NULL, '', '', NULL, NULL, NULL, NULL, NULL, NULL, 1, 2178, 1),
(1465, NULL, '', '', NULL, NULL, NULL, NULL, NULL, NULL, 1, 2179, 1),
(1466, NULL, '', '', NULL, NULL, NULL, NULL, NULL, NULL, 1, 2180, 1),
(1467, NULL, '', '', NULL, NULL, NULL, NULL, NULL, NULL, 1, 2181, 1),
(1468, NULL, '', '', NULL, NULL, NULL, NULL, NULL, NULL, 1, 2182, 1),
(1469, NULL, '', '', NULL, NULL, NULL, NULL, NULL, NULL, 1, 2183, 1),
(1470, NULL, '', '', NULL, NULL, NULL, NULL, NULL, NULL, 1, 2184, 1),
(1471, NULL, '', '', NULL, NULL, NULL, NULL, NULL, NULL, 1, 2185, 1),
(1472, NULL, '', '', NULL, NULL, NULL, NULL, NULL, NULL, 1, 2186, 1),
(1473, NULL, '1088', '130', NULL, NULL, NULL, NULL, NULL, NULL, 1, 2187, 1),
(1474, NULL, '', '', NULL, NULL, NULL, NULL, NULL, NULL, 1, 2188, 1),
(1475, NULL, '', '', NULL, NULL, NULL, NULL, NULL, NULL, 1, 2189, 1),
(1476, NULL, '', '', NULL, NULL, NULL, NULL, NULL, NULL, 1, 2190, 1),
(1477, NULL, '', '', NULL, NULL, NULL, NULL, NULL, NULL, 1, 2191, 1),
(1478, NULL, '', '', NULL, NULL, NULL, NULL, NULL, NULL, 1, 2192, 1),
(1479, NULL, '', '', NULL, NULL, NULL, NULL, NULL, NULL, 1, 2193, 1),
(1480, NULL, '1090', '126', NULL, NULL, NULL, NULL, NULL, NULL, 1, 2194, 1),
(1481, NULL, '', '', NULL, NULL, NULL, NULL, NULL, NULL, 1, 2195, 1),
(1482, NULL, '', '', NULL, NULL, NULL, NULL, NULL, NULL, 1, 2196, 1),
(1483, NULL, '', '', NULL, NULL, NULL, NULL, NULL, NULL, 1, 2197, 1),
(1484, NULL, '1091', '128  email', NULL, NULL, NULL, NULL, NULL, NULL, 1, 2198, 1),
(1485, NULL, '', '', NULL, NULL, NULL, NULL, NULL, NULL, 1, 2199, 1);

-- --------------------------------------------------------

--
-- Table structure for table `equipo`
--

CREATE TABLE `equipo` (
  `id_equipo` int(11) NOT NULL,
  `equipo` varchar(255) DEFAULT NULL,
  `mac_address` varchar(255) DEFAULT NULL,
  `serie` varchar(255) DEFAULT NULL,
  `id_servicio` int(11) DEFAULT NULL
) ENGINE=InnoDB DEFAULT CHARSET=utf8mb4 COLLATE=utf8mb4_general_ci;

--
-- Dumping data for table `equipo`
--

INSERT INTO `equipo` (`id_equipo`, `equipo`, `mac_address`, `serie`, `id_servicio`) VALUES
(3119, 'NBE-5AC-Gen2', 'E063DAF205E9', '20044104612', 1165),
(3120, 'hAP ac lite', '48:8F:5A:BF:67:4B/42', '20044104612', 1165),
(3121, 'ETH-SP-G2', '', '20044104612', 1165),
(3122, 'NBE-5AC-Gen2', 'E063DAF20B08', '20044104643', 1166),
(3123, 'hAP ac lite', '48:8F:5A:BF:68:4D/53', '20044104643', 1166),
(3124, 'ETH-SP-G2', '', '20044104643', 1166),
(3125, 'LBE-5AC-Gen2', '', '20044104626', 1167),
(3126, 'hAP ac lite', '48:8F:5A:BF:68:F8/FE', '20044104626', 1167),
(3127, 'ETH-SP-G2', '', '20044104626', 1167),
(3128, 'NBE-5AC-Gen2', 'E063DAF20A4A', '', 1168),
(3129, 'hAP ac lite', '48:8F:5A:BF:67:90/96', '', 1168),
(3130, 'ETH-SP-G2', '', '', 1168),
(3131, 'NBE-5AC-Gen2', 'E063DAF20B3E', '20044104664', 1169),
(3132, 'hAP ac lite', '48:8F:5A:BF:66:F9/FF', '20044104664', 1169),
(3133, 'ETH-SP-G2', '', '20044104664', 1169),
(3134, 'LBE-5AC-Gen2', '24:5A:4C:B4:79:64', '21074123508', 1170),
(3135, 'hAP lite', 'DC:2C:6E:61:CB:78', '21074123508', 1170),
(3136, 'ETH-SP-G2', '', '21074123508', 1170),
(3137, 'LBE-5AC-Gen2', '68:D7:9A:A8:50:D3', '20044104602', 1171),
(3138, 'hAP ac lite', '48:8F:5A:BF:66:AA/B0', '20044104602', 1171),
(3139, 'ETH-SP-G2', '', '20044104602', 1171),
(3140, 'LBE-M5-23', '74ACB9F2B2A8', '', 1172),
(3141, 'hAP ac lite', '48:8F:5A:BF:68:16/1C', '', 1172),
(3142, 'ETH-SP-G2', '', '', 1172),
(3143, 'NBE-5AC-Gen2', 'E063DAF2061E', '20044103809', 1173),
(3144, 'CISCO ', 'E89F800389F1', '20044103809', 1173),
(3145, 'ETH-SP-G2', '', '20044103809', 1173),
(3146, 'NBE-5AC-Gen2', 'E0:63:DA:F2:04:D0', '', 1174),
(3147, 'hAP mini', '48:8F:5A:BF:67:9E/A4', '', 1174),
(3148, 'ETH-SP-G2', '', '', 1174),
(3149, 'NBE-5AC-Gen2', 'E063DAD45580', '20044104634', 1175),
(3150, 'hAP lite', '08:55:31:14:14:4F/54', '20044104634', 1175),
(3151, 'ETH-SP-G2', '', '20044104634', 1175),
(3152, 'LBE-5AC-Gen2', '68:D7:9A:B2:39:AE', '20044123097', 1176),
(3153, 'hAP lite', 'DC:2C:6E:04:52:FD/02', '20044123097', 1176),
(3154, 'ETH-SP-G2', '', '20044123097', 1176),
(3155, 'LBE-M5-23', '74ACB9F2B2A9', '', 1177),
(3156, 'hAP lite\nhAp mini', '08:55:31:16:10:CA/CF\n08:55:31:66:F5:A3/A7', '', 1177),
(3157, 'ETH-SP-G2', '', '', 1177),
(3158, 'NBE-5AC-Gen2', 'E063DAD45512', '', 1178),
(3159, 'hAP lite', '08:55:31:14:1D:2A/2F', '', 1178),
(3160, 'ETH-SP-G2', '', '', 1178),
(3161, 'NANO LOCO', '24:5A:4C:34:45:3B', '20044104612', 1179),
(3162, 'hAP lite', 'DC:2C:6E:04:53:9B', '20044104612', 1179),
(3163, 'ETH-SP-G2', '', '20044104612', 1179),
(3164, 'NBE-5AC-Gen2', 'E063DAF2061E', '', 1180),
(3165, 'hAP lite', '08:55:31:16:0E:D7:DC', '', 1180),
(3166, 'ETH-SP-G2', '', '', 1180),
(3167, 'LBE-M5-23', '74ACB9F2B453', '', 1181),
(3168, 'hAP lite', '08:55:31:71:0b:E3/E8', '', 1181),
(3169, 'ETH-SP-G2', '', '', 1181),
(3170, 'LBE-5AC-Gen2', 'F492BF4222F8', '', 1182),
(3171, 'hAP lite', '2C:C8:1B:DC:C5:80:85', '', 1182),
(3172, 'ETH-SP-G2', '', '', 1182),
(3173, 'NBE-5AC-Gen2', 'E063DAF20639', '20074113709', 1183),
(3174, 'hAP mini', '08:55:31:65:8B:6D/r2', '20074113709', 1183),
(3175, 'ETH-SP-G2', '', '20074113709', 1183),
(3176, 'NBE-5AC-Gen2', 'E063DAD0C018', '20074113845', 1184),
(3177, 'hAP mini', '08:55:31:65:8D:31/35', '20074113845', 1184),
(3178, 'ETH-SP-G2', '', '20074113845', 1184),
(3179, 'LBE-M5-23', '74ACB9F2B0F2', '20044104645', 1185),
(3180, 'hAP mini', '08:55:31:65:88:4D/51', '20044104645', 1185),
(3181, 'ETH-SP-G2', '', '20044104645', 1185),
(3182, 'NBE-5AC-Gen2', 'E063DAD0BF98', '20044104619', 1186),
(3183, 'hAP lite', '08:55:31:14:24:60/65', '20044104619', 1186),
(3184, 'ETH-SP-G2', '', '20044104619', 1186),
(3185, 'LBE-M5-23', '74ACB9F2851D', '20044103925', 1187),
(3186, 'hAP lite', '08:55:31:14:24:CA/CF', '20044103925', 1187),
(3187, 'ETH-SP-G2', '', '20044103925', 1187),
(3188, 'LBE-M5-23', '74ACB9F2B0AF', '20044103963', 1188),
(3189, 'hAP lite', '08:55:31:73:A7:73/78', '20044103963', 1188),
(3190, 'ETH-SP-G2', '', '20044103963', 1188),
(3191, 'NBE-5AC-Gen2', 'E063EDAF20B3F', '20044103967', 1189),
(3192, 'hAP lite\nhAP mini', '08:55:31:14:24:D0/D5\n08:55:31:65:90:E4:/E8', '20044103967', 1189),
(3193, 'ETH-SP-G2', '', '20044103967', 1189),
(3194, 'LBE-5AC-Gen2', '68:D7:9A:B2:3C:C5', 'N/A', 1190),
(3195, 'N/A', 'N/A', 'N/A', 1190),
(3196, 'N/A', '', 'N/A', 1190),
(3197, 'NBE-5AC-Gen2', 'E0:63:DA:F2:07:95', '20044104211', 1191),
(3198, 'hAP lite', '08:55:31:71:0C:97/9C', '20044104211', 1191),
(3199, 'ETH-SP-G2', '', '20044104211', 1191),
(3200, 'NBE-5AC-Gen2', 'E063DAD0BF98', '', 1192),
(3201, 'hAP mini', '08:55:31:67:00:44/48', '', 1192),
(3202, 'NBE-5AC-Gen2', 'E063DAF205ED', '20044103826', 1193),
(3203, 'hAP lite', '08:55:31:73:A4:2F/34', '20044103826', 1193),
(3204, 'ETH-SP-G2', '', '20044103826', 1193),
(3205, 'NBE-5AC-Gen2', 'E063DAF205ED', '', 1194),
(3206, 'hAP lite', '08:55:31:71:0C:30/35', '', 1194),
(3207, 'NBE-5AC-Gen2', 'E063DAD0C1EA', '20074113879', 1195),
(3208, 'hAP mini', '08:55:31:65:8E:A8/AC', '20074113879', 1195),
(3209, 'ETH-SP-G2', '', '20074113879', 1195),
(3210, 'NBE-5AC-Gen2', 'E063DA969D71', '20074113843', 1196),
(3211, 'hAP mini', '08:55:31:65:8D:02/06', '20074113843', 1196),
(3212, 'ETH-SP-G2', '', '20074113843', 1196),
(3213, 'NBE-5AC-Gen2', '68:D7:9A:B2:6A:C8', '', 1197),
(3214, 'LBE-5AC-Gen2', '68:D7:9A:B6:6C:16', '', 1198),
(3215, 'hAP lite', '08:55:31:84:1E:91', '', 1198),
(3216, 'ETH-SP-G2', '', '', 1198),
(3217, 'N/A', 'N/A', 'N/A', 1199),
(3218, 'N/A', 'N/A', 'N/A', 1199),
(3219, 'N/A', '', 'N/A', 1199),
(3220, 'NBE-5AC-Gen2', 'F492BF420741', '20044103823', 1200),
(3221, 'hAP mini', '08:55:31:65:8F:03/07', '20044103823', 1200),
(3222, 'ETH-SP-G2', '', '20044103823', 1200),
(3223, 'LBE-5AC-Gen2', 'F492BF423729', '20074113922', 1201),
(3224, 'hAP mini', '08:55:31:65:8F:3F/43', '20074113922', 1201),
(3225, 'ETH-SP-G2', '', '20074113922', 1201),
(3226, 'LBE-5AC-Gen2', '68D79AA453C6', '20074113677', 1202),
(3227, 'hAP mini', '08:55:31:65:8F:18/1C\n08:55:31:65:86:21/25', '20074113677', 1202),
(3228, 'ETH-SP-G2', '', '20074113677', 1202),
(3229, 'NANO STATION', 'F492BFD04ACF\nF492BFD0538F', '', 1203),
(3230, 'hAP mini', '', '', 1203),
(3231, 'LBE-5AC-Gen2', '60:22:32:C6:FE:40', '20074113849', 1204),
(3232, 'hAP ac lite', '48:8F:5A:BF:67:90/96', '20074113849', 1204),
(3233, 'ETH-SP-G2', '', '20074113849', 1204),
(3234, 'NANO STATION', 'F492BFD83B84\nF492BFD85010', '20074113568', 1205),
(3235, 'hAP mini', '08:55:31:65:8D:36/3A', '20074113568', 1205),
(3236, 'ETH-SP-G2', '', '20074113568', 1205),
(3237, 'LBE-5AC-Gen2', 'F492BF423EAC', '20074113865', 1206),
(3238, 'hAP mini', '08:55:31:65:87:F1/F5', '20074113865', 1206),
(3239, 'ETH-SP-G2', '', '20074113865', 1206),
(3240, 'NBE-5AC-Gen2', 'E063DAD4542A', '20074113751', 1208),
(3241, 'hAP mini', '08:55:31:66:FF:9E/A2', '20074113751', 1208),
(3242, 'ETH-SP-G2', '', '20074113751', 1208),
(3243, 'LBE-M5-23\nLBE-5AC-Gen2', '74ACB9F2AEAA\nF49BF423CDE', '', 1209),
(3244, 'LINKSYS', 'PROPIO', '', 1209),
(3245, 'Loco5AC\nLoco5AC', 'F492BFD84C23\nF49BFD83E7F', '20074120675', 1210),
(3246, 'hAP mini', '08:55:31:66:F0:2E/32', '20074120675', 1210),
(3247, 'ETH-SP-G2', '', '20074120675', 1210),
(3248, 'NBE-5AC-Gen2', 'E0:63:DA:D4:55:71', '', 1211),
(3249, 'hAP mini', '08:55:31:66:0D:C2/C6', '', 1211),
(3250, 'LBE-5AC-Gen2', 'F492BFDA2AA7', '', 1212),
(3251, 'hAP mini', '08:55:31:66:0B:F3/F7', '', 1212),
(3252, 'NBE-5AC-Gen2', 'E063DAD0C018', '20074113743', 1213),
(3253, 'hAP mini', '08:55:31:66:0C:E7/EB', '20074113743', 1213),
(3254, 'ETH-SP-G2', '', '20074113743', 1213),
(3255, 'LBE-5AC-Gen2', 'F492BF422C36', '20044104261', 1214),
(3256, 'hAP mini', '08:55:31:65:83:E4/E8', '20044104261', 1214),
(3257, 'ETH-SP-G2', '', '20044104261', 1214),
(3258, 'LBE-5AC-Gen2', 'F492BFDA2A0B', '20074120531', 1215),
(3259, 'hAP mini', '08:55:31:66:F0:E0/E4', '20074120531', 1215),
(3260, 'ETH-SP-G2', '', '20074120531', 1215),
(3261, 'NANO STATION\nNANO STATION', 'F492BFEED44D\nF492BFEED33F', '20074120674', 1216),
(3262, 'hAP mini', '48:8F:5A:E0:05F2/F6', '20074120674', 1216),
(3263, 'ETH-SP-G2', '', '20074120674', 1216),
(3264, 'LBE-5AC-Gen2', 'F492BF4CB750', '2.00E+11', 1217),
(3265, 'hAP mini', '48:8F:5A:E0:06:52/56', '2.00E+11', 1217),
(3266, 'ETH-SP-G2', '', '2.00E+11', 1217),
(3267, 'LBE-5AC-Gen2', 'F492BFDA281A', '20074113671', 1218),
(3268, 'hAP mini', '08:55:31:65:84:01/05', '20074113671', 1218),
(3269, 'ETH-SP-G2', '', '20074113671', 1218),
(3270, 'LBE-5AC-Gen2', '68:D7:9A:90:1F:A2', '20074120425', 1219),
(3271, 'hAP mini', '08:55:31:65:88:AB/AF', '20074120425', 1219),
(3272, 'ETH-SP-G2', '', '20074120425', 1219),
(3273, 'LBE-5AC-Gen2', '68D79AA453C6', '20114117341', 1220),
(3274, 'hAP mini', '', '20114117341', 1220),
(3275, 'ETH-SP-G2', '', '20114117341', 1220),
(3276, 'NBE-5AC-Gen2 loco 5AC', 'E063DAF0FDEE F492BFD845AB', '20124123866', 1221),
(3277, 'hAP mini', '08:55:31:1E:15:F4/F8', '20124123866', 1221),
(3278, 'ETH-SP-G2', '', '20124123866', 1221),
(3279, 'NBE-5AC-Gen2 LBE-5AC-Gen2', 'E63DAD4542B\n68D79AA456C6', '20124123766', 1222),
(3280, 'hAP mini', '08:55:31:1E:16:9B/9F', '20124123766', 1222),
(3281, 'ETH-SP-G2', '', '20124123766', 1222),
(3282, 'LBE-5AC-Gen2', 'F4:92:BF:42:22:36', '20124123855', 1223),
(3283, 'hAP mini', '08:55:31:1E:16:88/8C', '20124123855', 1223),
(3284, 'ETH-SP-G2', '', '20124123855', 1223),
(3285, 'LBE-5AC-Gen2', '68D79AA86078', '20124124089', 1225),
(3286, 'hAP mini', '08:55:31:4F:D1:4B/4F', '20124124089', 1225),
(3287, 'ETH-SP-G2', '', '20124124089', 1225),
(3288, 'LBE-5AC-Gen2', '68D79AA869D5', '20114117658', 1226),
(3289, 'hAP mini', '08:55:31:4F:D1:98/9C', '20114117658', 1226),
(3290, 'ETH-SP-G2', '', '20114117658', 1226),
(3291, 'NBE-5AC-Gen2', 'E0:63:DA:F0:16:17', '20114116885', 1227),
(3292, 'hAP mini', '08:55:31:4F:D0:FA/FE 08:55:31:4F:D1:9F/A3', '20114116885', 1227),
(3293, 'ETH-SP-G2', '', '20114116885', 1227),
(3294, 'LBE-5AC-Gen2', '68D79AA86A06', '20124123734', 1228),
(3295, 'hAP mini', '08:55.31:4F:D0:F0/F4', '20124123734', 1228),
(3296, 'ETH-SP-G2', '', '20124123734', 1228),
(3297, 'LBE-5AC-Gen2', '68D79AA8683D', '20124123848', 1229),
(3298, 'hAP mini', '08:55.31:4C:EB:18/1C', '20124123848', 1229),
(3299, 'ETH-SP-G2', '', '20124123848', 1229),
(3300, 'NBE-5AC-Gen2', 'E0:63:DA:F2:04:D0', '', 1230),
(3301, 'hAP mini', '2C:C8:1B:75:B0:DA/DE', '', 1230),
(3302, 'N/A', 'N/A', '', 1231),
(3303, 'hAP mini\nhAP mini', '2C:C8:1B:75:B1:4B/4F\n2C:C8:1B:75:B1:3B/3F', '', 1231),
(3304, 'LBE-5AC-Gen2', '68D79AA86888', '20114117365', 1232),
(3305, 'hAP mini', '2C:C8:1B:75:B0:BB/BF', '20114117365', 1232),
(3306, 'ETH-SP-G2', '', '20114117365', 1232),
(3307, 'LBE-5AC-Gen2', '68D79AA86A88', '20114116927', 1233),
(3308, 'hAP mini', '08:55:31:4C:EB:C8/CC', '20114116927', 1233),
(3309, 'ETH-SP-G2', '', '20114116927', 1233),
(3310, 'LBE-5AC-Gen2', '68:D7:9A:A8:6A:C2', '20114116897', 1234),
(3311, 'hAP mini', '2C:C8:1B:75:B0:EF', '20114116897', 1234),
(3312, 'ETH-SP-G2', '', '20114116897', 1234),
(3313, 'NBE-5AC-Gen2', 'E0:63:DA:D4:55:77', '20114116906', 1235),
(3314, 'hAP mini', '08:55:31:4F:D1:1F/23', '20114116906', 1235),
(3315, 'ETH-SP-G2', '', '20114116906', 1235),
(3316, 'ETH-SP-G2', '', '20114116889', 1236),
(3317, 'N/A', 'N/A', 'N/A', 1237),
(3318, 'N/A', 'N/A', 'N/A', 1237),
(3319, 'N/A', '', 'N/A', 1237),
(3320, 'NBE-5AC-Gen2', 'E0:63:DA:D0:C1:92', '20114116922', 1238),
(3321, 'hAP mini', '08:55:31:4F:D1:09/0D', '20114116922', 1238),
(3322, 'ETH-SP-G2', '', '20114116922', 1238),
(3323, 'NBE-5AC-Gen2', 'E0:63:DA:D0:BF:59', '20114116922', 1239),
(3324, 'hAP mini', '2C:C8:1B:0A:AF:CD/D1', '20114116922', 1239),
(3325, 'ETH-SP-G2', '', '20114116922', 1239),
(3326, 'N/A', 'N/A', 'N/A', 1240),
(3327, 'N/A', 'N/A', 'N/A', 1240),
(3328, 'N/A', '', 'N/A', 1240),
(3329, 'LBE-5AC-Gen2', '68:D7:9A:B2:7A:93', '20114116915', 1241),
(3330, 'hAP lite', '2C:C8:1B:DC:C3:72/77', '20114116915', 1241),
(3331, 'ETH-SP-G2', '', '20114116915', 1241),
(3332, 'LBE-5AC-Gen2', '68:D7:9A:B4:AC:76', '20114116899', 1242),
(3333, 'hAP lite', '2C:C8:1B:DC:C4:32/2D', '20114116899', 1242),
(3334, 'ETH-SP-G2', '', '20114116899', 1242),
(3335, 'LBE-5AC-Gen2', '68:D7:9A:A8:5C:23', '20044104650', 1243),
(3336, 'hAP lite', '08:55:31:14:1D:03', '20044104650', 1243),
(3337, 'ETH-SP-G2', '', '20044104650', 1243),
(3338, 'LiteBeam M5', '24:5A:4C:DC:1C:F9', '', 1244),
(3339, 'hAP lite', '', '', 1244),
(3340, 'LBE-5AC-Gen2', '68:D7:9A:B2:37:64', '', 1245),
(3341, 'hAP lite', '', '', 1245),
(3342, 'LBE-5AC-Gen2', '', '', 1246),
(3343, 'LBE-5AC-Gen2', '68:D7:9A:B2:3C:46', '21014130678', 1247),
(3344, 'hAP lite', 'DC:2C:6E:04:52:A7/AC', '21014130678', 1247),
(3345, 'ETH-SP-G2', '', '21014130678', 1247),
(3346, 'LBE-5AC-Gen2', '68:D7:9A:B2:72:1E', '', 1248),
(3347, 'hAP lite', '', '', 1248),
(3348, 'LBE-5AC-Gen2 ', '68:D7:9A:B2:39:D9', '', 1249),
(3349, 'hap lite', '', '', 1249),
(3350, 'LBE-5AC-Gen2', '', '', 1250),
(3351, 'hap lite', '', '', 1250),
(3352, 'NANO STATION', '24:5A:4C:34:3F:B8', '2004056467', 1251),
(3353, 'hAP mini', '2C:C8:1B:75:B0:B1', '2004056467', 1251),
(3354, 'ETH-SP-G2', '', '2004056467', 1251),
(3355, 'LBE-5AC-Gen2', '48:8F:5A:BF:66:A1', '', 1252),
(3356, 'LBE-5AC-Gen2', '68:D7:9A:A8:5F:3D', '', 1253),
(3357, 'LBE-5AC-Gen2', '68:D7:9A:B2:40:56', '', 1254),
(3358, 'CUBE', '74ACB9F03C', '', 1254),
(3359, 'LBE-5AC-Gen2', 'F4:92:BF:DA:2A:0B', '21014130682', 1255),
(3360, 'hAP mini', '2C:C8:1B:0A:BE:8C', '21014130682', 1255),
(3361, 'ETH-SP-G2', '', '21014130682', 1255),
(3362, 'LBE-5AC-Gen2', '68:d7:9A:B2:39:E3', '', 1256),
(3363, 'CUBE', '74ACB9F2EEB8', '', 1256),
(3364, 'LBE-5AC-Gen2', '68:D7:9A:A8:61:39', '21014130692', 1257),
(3365, 'HAP mini', '2C:C8:1B:0A:BE:E5/E9', '21014130692', 1257),
(3366, 'ETH-SP-G2', '', '21014130692', 1257),
(3367, 'LiteBeam M5', '70:A7:41:22:C8:BA', '21014130977', 1258),
(3368, 'HAP mini', '', '21014130977', 1258),
(3369, 'ETH-SP-G2', '', '21014130977', 1258),
(3370, 'LBE-5AC-Gen2', '68:D7:9A:B6:6C:B9', '21014131001', 1259),
(3371, 'HAP mini', '2C:C8:1B:0A:BE:71', '21014131001', 1259),
(3372, 'ETH-SP-G2', '', '21014131001', 1259),
(3373, 'LBE-5AC-Gen2', '68:D7:9A:B4:A3:B9', '20114116955', 1260),
(3374, 'HAP mini', '2C:C8:1B:0A:BF:0D/11', '20114116955', 1260),
(3375, 'ETH-SP-G2', '', '20114116955', 1260),
(3376, 'LBE-5AC-Gen2', '', '', 1261),
(3377, 'NANO STATION', '24:5A:4C:34:4C:18', '', 1262),
(3378, 'HAP mini', '2C:C8:1B:0A:BC:68', '', 1262),
(3379, 'LBE-5AC-Gen2', '68:D7:9A:B6:6A:3C', '20114116968', 1263),
(3380, 'hAP lite', '2C:C8:1B:D9:91:50', '20114116968', 1263),
(3381, 'ETH-SP-G2', '', '20114116968', 1263),
(3382, 'NANO STATION', '68:D7:9A:A2:34:51', '', 1264),
(3383, 'HAP mini', '2C:C8:1B:75:B0:C9', '', 1264),
(3384, 'ETH-SP-G2', '', '', 1264),
(3385, 'LBE-5AC-Gen2', '68:D7:9A:B8:32:D4', '21014131003', 1265),
(3386, 'hAP lite', '08:55:31:79:0A:72', '21014131003', 1265),
(3387, 'ETH-SP-G2', '', '21014131003', 1265),
(3388, 'LBE-5AC-Gen2', '68:D7:9A:B8:33:23', '', 1266),
(3389, 'hAP lite', '', '', 1266),
(3390, 'LBE-5AC-Gen2', '24:5A:4C:06:8A:3D', '', 1267),
(3391, 'hAP lite', 'DC:2C:6E:61:DA:77', '', 1267),
(3392, 'PowerBeam 5AC-Gen2', '24:5A:4C:DE:08:58', '', 1268),
(3393, 'hAP lite', '08:55:31:78:BA:5F', '', 1268),
(3394, 'ETH-SP-G2', '', '', 1268),
(3395, 'LBE-5AC-Gen2', '68:D7:9A:B2:36:C9', '21014140991', 1269),
(3396, 'hAP lite', '08:55:31:78:FF:49', '21014140991', 1269),
(3397, 'ETH-SP-G2', '', '21014140991', 1269),
(3398, 'NANO STATION', '68:D7:9A:A2:34:30', '21014140879', 1270),
(3399, 'hAP lite', 'DC:2C:6E:61:DA:7E', '21014140879', 1270),
(3400, 'ETH-SP-G2', '', '21014140879', 1270),
(3401, 'LBE-5AC-Gen2', '68:D7:9A:B2:74:BE', '21014141219', 1271),
(3402, 'hAP lite', '08:55:31:79:0A:07', '21014141219', 1271),
(3403, 'ETH-SP-G2', '', '21014141219', 1271),
(3404, 'LBE-5AC-Gen2', '68:D7:9A:B8:32:C8', '', 1272),
(3405, 'hAP lite', 'DC:2C:6E:61:DA:C5', '', 1272),
(3406, 'ETH-SP-G2', '', '', 1272),
(3407, 'NANO STATION', '24:5A:4C:34:3B:54', '', 1273),
(3408, 'hAP lite', '08:55:31:78:FF:43', '', 1273),
(3409, 'ETH-SP-G2', '', '', 1273),
(3410, 'LBE-5AC-Gen2', '68:D7:9A:B2:7C:79', '21014141239', 1274),
(3411, 'hAP lite', '2C:C8:1B:08:14:DB', '21014141239', 1274),
(3412, 'ETH-SP-G2', '', '21014141239', 1274),
(3413, 'PowerBeam 5AC-ISO', '24:5A:4C:0A:2E:B8', '21014141337', 1275),
(3414, 'hAP lite', '2C:C8:1B:08:16:0D', '21014141337', 1275),
(3415, 'ETH-SP-G2', '', '21014141337', 1275),
(3416, 'LBE-5AC-Gen2', '68:D7:9A:B2:34:94', '', 1276),
(3417, 'hAP lite', 'DC:2C:6E:61:CA:DB', '', 1276),
(3418, 'ETH-SP-G2', '', '', 1276),
(3419, 'LBE-5AC-Gen2', '68:D7:9A:B2:36:C9', '21014141292', 1277),
(3420, 'hAP lite', '08:55:31:84:33:3B', '21014141292', 1277),
(3421, 'ETH-SP-G2', '', '21014141292', 1277),
(3422, 'LBE-5AC-Gen2', '68:D7:9A:B6:6E:63', '21014141251', 1278),
(3423, 'hAP lite', '08:55:31:84:33:C0', '21014141251', 1278),
(3424, 'ETH-SP-G2', '', '21014141251', 1278),
(3425, 'LBE-5AC-Gen2', '68:D7:9A:B6:6E:6C', '21044567341', 1279),
(3426, 'hAP lite', 'DC:2C:6E:61:D4:6B', '21044567341', 1279),
(3427, 'ETH-SP-G2', '', '21044567341', 1279),
(3428, 'LBE-5AC-Gen2', '24:5A:4C:30:32:8D', '2.10E+11', 1280),
(3429, 'HAP mini', '2C:C8:1B:0A:B5:84', '2.10E+11', 1280),
(3430, 'ETH-SP-G2', '', '2.10E+11', 1280),
(3431, 'LBE-5AC-Gen2', '68:D7:9A:B6:6E:C6', '', 1281),
(3432, 'hAP lite', '2C:C8:1B:0A:17:5D', '', 1281),
(3433, 'ETH-SP-G2', '', '', 1281),
(3434, 'LBE-5AC-Gen2', '24:5A:4C:30:BA:AC', '', 1282),
(3435, 'HAP mini', '2C:C8:1B:0A:B5:B5', '', 1282),
(3436, 'ETH-SP-G2', '', '', 1282),
(3437, 'LBE-5AC-Gen2', '68:D7:9A:B6:6D:90', '', 1283),
(3438, 'hAP lite', '08:55:31:82:F7:B3', '', 1283),
(3439, 'ETH-SP-G2', '', '', 1283),
(3440, 'LBE-5AC-Gen2', '68:D7:9A:B2:75:4E', '', 1284),
(3441, 'hAP lite', 'DC:2C:6E:61:D5:25', '', 1284),
(3442, 'ETH-SP-G2', '', '', 1284),
(3443, 'LBE-5AC-Gen2', '24:5A:4C:B4:7E:08', '20014141341', 1285),
(3444, 'hAP lite', 'DC:2C:6E:61:CC:44', '20014141341', 1285),
(3445, 'ETH-SP-G2', '', '20014141341', 1285),
(3446, 'NBE-5AC-Gen2', '24:5A:4C:06:91:81', '21044116117', 1286),
(3447, 'hAP lite', 'DC:2C:6E:61:CB:EF', '21044116117', 1286),
(3448, 'ETH-SP-G2', '', '21044116117', 1286),
(3449, 'LBE-5AC-Gen2', '24:5A:4C:B6:0A:42', '21044116107', 1287),
(3450, 'hAP lite', 'DC:2C:6E:61:CE:17', '21044116107', 1287),
(3451, 'ETH-SP-G2', '', '21044116107', 1287),
(3452, 'NANO STATION M5', '24:5A:4C:B6:06:0A', '21104140368', 1288),
(3453, 'hAP lite', 'DC:2C:6E:F4:F9:3E', '21104140368', 1288),
(3454, 'ETH-SP-G2', '', '21104140368', 1288),
(3455, 'LBE-5AC-Gen2', '24:5A:4C:B2:3C:5B', '21014141210', 1289),
(3456, 'hAP lite', 'DC:2C:6E:61:CB:BA', '21014141210', 1289),
(3457, 'ETH-SP-G2', '', '21014141210', 1289),
(3458, 'LBE-5AC-Gen2', '24:5A:4C:B4:7F:FE', '21074123373', 1290),
(3459, 'hAP lite', 'DC:2C:6E:61:CB:B9', '21074123373', 1290),
(3460, 'ETH-SP-G2', '', '21074123373', 1290),
(3461, 'LBE-5AC-Gen2', '24:5A:4C:B4:70:7E', '', 1291),
(3462, 'hAP lite', '08:55:31:77:35:29', '', 1291),
(3463, 'ETH-SP-G2', '', '', 1291),
(3464, 'NANO STATION', '68:D7:9A:9E:86:2E', '', 1292),
(3465, 'hAP lite', '08:55:31:77:18:FE', '', 1292),
(3466, 'ETH-SP-G2', '', '', 1292),
(3467, 'LBE-5AC-Gen2', '24:5A:4C:B6:0B:F6', '21074123499', 1293),
(3468, 'hAP lite', 'DC:2C:6E:61:CB:D2', '21074123499', 1293),
(3469, 'ETH-SP-G2', '', '21074123499', 1293),
(3470, 'NBE-5AC-Gen2', '24:54:4C:06:8A:28', '21074115967', 1294),
(3471, 'hAP lite', 'DC:2C:6E:67:18:40', '21074115967', 1294),
(3472, 'ETH-SP-G2', '', '21074115967', 1294),
(3473, 'LBE-5AC-Gen2', '24:5A:4C:B6:0A:45', '', 1295),
(3474, 'hAP lite', 'DC:2C:6E:67:18:E2', '', 1295),
(3475, 'ETH-SP-G2', '', '', 1295),
(3476, 'LBE-5AC-Gen2', '24:5A:4C:B4:7B:7A', '', 1296),
(3477, 'hAP lite', 'DC:2C:6E:67:18:9A', '', 1296),
(3478, 'ETH-SP-G2', '', '', 1296),
(3479, 'LBE-5AC-Gen2', '24:5A:4C:B4:79:42', '', 1297),
(3480, 'hAP lite', 'DC:2C:6E:67:18:70', '', 1297),
(3481, 'ETH-SP-G2', '', '', 1297),
(3482, 'LBE-5AC-Gen2', '24:5A:4C:B4:72:71', '21074116030', 1298),
(3483, 'hAP lite', 'DC:2C:6E:67:18:41', '21074116030', 1298),
(3484, 'ETH-SP-G2', '', '21074116030', 1298),
(3485, 'LBE-5AC-Gen2', '24:5A:4C:B4:7C:3B', '', 1299),
(3486, 'hAP lite', 'DC.:2C:6E:68:69:D8', '', 1299),
(3487, 'ETH-SP-G2', '', '', 1299),
(3488, 'LBE-5AC-Gen2', '24:5A:4C:30:39:E2', '21074115826', 1300),
(3489, 'hAP lite', 'DC:2C:6E:68:69:F0', '21074115826', 1300),
(3490, 'ETH-SP-G2', '', '21074115826', 1300),
(3491, 'LBE-5AC-Gen2', '68:D7:9A:B4:B7:E6', '', 1301),
(3492, 'hAP lite', 'DC:2C:6E:68:66:30', '', 1301),
(3493, 'ETH-SP-G2', '', '', 1301),
(3494, 'LBE-5AC-Gen2', '24:5A:4C:B4:79:EB', '', 1302),
(3495, 'hAP lite', 'DC:2C:6E:68:6A:C3', '', 1302),
(3496, 'ETH-SP-G2', '', '', 1302),
(3497, 'LiteBeam M5', '68:D7:9A:A0:18:74', '', 1303),
(3498, 'hAP lite', 'DC:2C:6E:68:6A:4A', '', 1303),
(3499, 'ETH-SP-G2', '', '', 1303),
(3500, 'LiteBeam M5', '68:D7:9A:A0:23:FF', '21074122596', 1304),
(3501, 'hAP lite', 'DC:2C:6E:68:6C:A6', '21074122596', 1304),
(3502, 'ETH-SP-G2', '', '21074122596', 1304),
(3503, 'LiteBeam M5', '68:D7:9A:A0:2E:CC', '21074113723', 1305),
(3504, 'hAP lite', '08:55:31:79:0B:E2', '21074113723', 1305),
(3505, 'ETH-SP-G2', '', '21074113723', 1305),
(3506, 'NANO STATION', '68:D7:9A:A2:1A:3C', '21074124614', 1306),
(3507, 'hAP lite', '08:55:31:79:16:0A', '21074124614', 1306),
(3508, 'ETH-SP-G2', '', '21074124614', 1306),
(3509, 'NANO STATION', '24:5A:4C:34:3C:5A', '21074114292', 1307),
(3510, 'hAP lite', 'DC:2C:6E:61:CE:17', '21074114292', 1307),
(3511, 'ETH-SP-G2', '', '21074114292', 1307),
(3512, 'LBE-5AC-Gen2', '24:5A:4C:B6:0A:42', '21014140150', 1308),
(3513, 'hAP lite', '08:55:31:78:C0:CD', '21014140150', 1308),
(3514, 'ETH-SP-G2', '', '21014140150', 1308),
(3515, 'LBE-5AC-Gen2', '24:5A:4C:B4:7D:9B', '21074114138', 1309),
(3516, 'hAP lite', '08:55:31:78:F2:6F', '21074114138', 1309),
(3517, 'ETH-SP-G2', '', '21074114138', 1309),
(3518, 'LiteBeam M5', '68:D7:9A:A0:2F:00', '21074114342', 1310),
(3519, 'hAP lite', '08:55:31:78:C0:5F', '21074114342', 1310),
(3520, 'ETH-SP-G2', '', '21074114342', 1310),
(3521, 'NANO STATION', '68:D7:9A:A2:19:47', '21074114144', 1311),
(3522, 'hAP lite', '08:55:31:78:C0:E1', '21074114144', 1311),
(3523, 'ETH-SP-G2', '', '21074114144', 1311),
(3524, 'LiteBeam M5', '24:5A:4C:DC:17:95', '21074122347', 1312),
(3525, 'hAP lite', 'DC:2C:6E:EC:5E:DA', '21074122347', 1312),
(3526, 'ETH-SP-G2', '', '21074122347', 1312),
(3527, 'LiteBeam M5', '24:5A:4C:DC:08:36', '21074123788', 1313),
(3528, 'hAP lite', 'DC:2C:6E:EC:60:33', '21074123788', 1313),
(3529, 'ETH-SP-G2', '', '21074123788', 1313),
(3530, 'Powerbeam M5', '68:D7:9A:AA:B3:FB', '', 1314),
(3531, 'hAP lite', '', '', 1314),
(3532, 'ETH-SP-G2', '', '', 1314),
(3533, 'NANO STATION', '24:5A:4C:34:3D:DF', '', 1315),
(3534, 'hAP lite', '08:55:31:79:0C:7A', '', 1315),
(3535, 'ETH-SP-G2', '', '', 1315),
(3536, 'NANO STATION', '68:D7:9A:9E:86:2E', '', 1316),
(3537, 'hAP lite', '08:55:31:84:14:4D', '', 1316),
(3538, 'ETH-SP-G2', '', '', 1316),
(3539, 'LiteBeam M5', '68:D7:9A:A8:69:CE', '21044115540', 1317),
(3540, 'hAP lite', '08:55:31:4F:D1:C8', '21044115540', 1317),
(3541, 'ETH-SP-G2', '', '21044115540', 1317),
(3542, 'LBE-5AC-Gen2', '68:D7:9A:B6:6D:90', 'N/A', 1318),
(3543, 'Linksys ', '58EF6848BBGF', 'N/A', 1318),
(3544, 'N/A', '', 'N/A', 1318),
(3545, 'LBE-5AC-Gen2', '70:A7:41:12:E0:0B', '21044109783', 1319),
(3546, 'Linksys ', '58EF6848BD1F', '21044109783', 1319),
(3547, 'ETH-SP-G2', '', '21044109783', 1319),
(3548, 'LiteBeam M5', '24:5A:4C:34:48:35', '', 1320),
(3549, 'Linksys  E2500', '24:F5:A2:DA:50:8D', '', 1320),
(3550, 'ETH-SP-G2', '', '', 1320),
(3551, 'LBE-5AC-Gen2', '70:A7:41:12:E2:66', '', 1321),
(3552, 'hAP lite', '08:55:31:77:17:83', '', 1321),
(3553, 'ETH-SP-G2', '', '', 1321),
(3554, 'LBE-5AC-Gen2', '70:A7:41:12:E8:06', 'N/A', 1322),
(3555, 'Linksys  E2500', '58EF6848BD7Y', 'N/A', 1322),
(3556, 'N/A', '', 'N/A', 1322),
(3557, 'LBE-5AC-Gen2', '70:A7:41:12:E8:06', 'N/A', 1323),
(3558, 'Hap ac rd', 'F4:92:BF:B2:0B:CB', 'N/A', 1323),
(3559, 'N/A', '', 'N/A', 1323),
(3560, 'LBE-5AC-Gen2', '70:A7:41:12:E8:06', 'N/A', 1324),
(3561, 'Linksys  E2500', '58EF6848BD1T', 'N/A', 1324),
(3562, 'N/A', '', 'N/A', 1324),
(3563, 'LiteBeam M5', '24:5A:4C:B6:06:0A', '', 1325),
(3564, 'hAP lite', '08:55:31:77:47:81', '', 1325),
(3565, 'ETH-SP-G2', '', '', 1325),
(3566, 'LiteBeam M5', '68:D7:9A:A8:5E:CB', '', 1326),
(3567, 'hAP lite', '08:55:31:77:17:33', '', 1326),
(3568, 'ETH-SP-G2', '', '', 1326),
(3569, 'LiteBeam M5', '24:5A:4C:DC:26:2A', '', 1327),
(3570, 'hAP lite', '08:55:31:77:17:41', '', 1327),
(3571, 'ETH-SP-G2', '', '', 1327),
(3572, 'LBE-5AC-Gen2', '70:A7:41:12:E1:34', '21044115525', 1328),
(3573, 'hAP lite', '08:55:31.79:18:B3', '21044115525', 1328),
(3574, 'ETH-SP-G2', '', '21044115525', 1328),
(3575, 'NANOSTATION', '24:5A:4C:34:3C:01', '', 1329),
(3576, 'hAP lite', '18:FD:74:5F:FE:81', '', 1329),
(3577, 'ETH-SP-G2', '', '', 1329),
(3578, 'LiteBeam M5', '24:5A:4C:DC:08:36', '', 1330),
(3579, 'Linksys  E2500', '24:F5:A2:6E:80:AC', '', 1330),
(3580, 'ETH-SP-G2', '', '', 1330),
(3581, 'LBE-5AC-Gen2', '70:A7:41:12:E0:38', '', 1331),
(3582, 'hAP lite', 'DC:2C:6E:68:66:35', '', 1331),
(3583, 'ETH-SP-G2', '', '', 1331),
(3584, 'LBE-5AC-Gen2', '24:5A:4C:B4:7B:7A', '', 1332),
(3585, 'Linksys  E2500', '', '', 1332),
(3586, 'ETH-SP-G2', '', '', 1332),
(3587, 'LiteBeam M5', '24:5A:4C:DC:3B:9F', '', 1333),
(3588, 'ETH-SP-G2', '', '', 1333),
(3589, 'LiteBeam M5', '24:5A:4C:DD:32:30', '', 1334),
(3590, 'ETH-SP-G2', '', '', 1334),
(3591, 'LBE-5AC-Gen2', '68:D7:9A:B2:39:E3', '', 1335),
(3592, 'hAP lite', 'DC:2C:6E:68:66:12', '', 1335),
(3593, 'ETH-SP-G2', '', '', 1335),
(3594, 'ETHERNET', 'ETHERNET', 'ETHERNET', 1336),
(3595, 'ETHERNET', 'ETHERNET', 'ETHERNET', 1336),
(3596, 'ETHERNET', '', 'ETHERNET', 1336),
(3597, 'LBE-5AC-Gen2', '24:54:4C:C0:71:56', '21014130966', 1337),
(3598, 'hAP lite', 'DC:2C:6E:F4:F9:5B', '21014130966', 1337),
(3599, 'ETH-SP-G2', '', '21014130966', 1337),
(3600, 'LBE-5AC-Gen2', '70:A7:41:12:E2:83', '', 1338),
(3601, 'hAP lite', 'DC:2C:6E:F4:F9:44', '', 1338),
(3602, 'ETH-SP-G2', '', '', 1338),
(3603, 'LBE-5AC-Gen2', '74:AC:B9:F4:D9:B8', '', 1339),
(3604, 'hAP lite', 'DC:2C:6E:AE:54:3D', '', 1339),
(3605, 'ETH-SP-G2', '', '', 1339),
(3606, 'LBE-5AC-Gen2', '70:A7:41:12:E1:7F', '', 1340),
(3607, 'hAP lite', 'DC:2C:6E:AE:56:F5', '', 1340),
(3608, 'ETH-SP-G2', '', '', 1340),
(3609, 'LBE-5AC-Gen2', '70:A7:41:12:E4:BD', '', 1341),
(3610, 'hAP lite', 'DC:2C:6E:AE:52:2B', '', 1341),
(3611, 'ETH-SP-G2', '', '', 1341),
(3612, 'LBE-5AC-Gen2', '24:5A:4C:C0:75:6E', '', 1342),
(3613, 'hAP lite', '18:FD:74:5D:98:E8', '', 1342),
(3614, 'ETH-SP-G2', '', '', 1342),
(3615, 'LBE-5AC-Gen2', '74:AC:B9:86:FB:0C', '', 1343),
(3616, 'hAP lite', 'AP PROPIO', '', 1343),
(3617, 'ETH-SP-G2', '', '', 1343),
(3618, 'LBE-5AC-Gen2', '24:5A:4C:C0:85:72', '', 1344),
(3619, 'hAP lite', 'DC:2C:6E:AE:57:29', '', 1344),
(3620, 'ETH-SP-G2', '', '', 1344),
(3621, 'LBE-5AC-Gen2', '24:5A:4C:C0:7E:78', '', 1345),
(3622, 'AP PROPIO', 'AP PROPIO', '', 1345),
(3623, 'ETH-SP-G2', '', '', 1345),
(3624, 'LBE-5AC-Gen2', '24:5A:4C:C0:72:5B', '', 1346),
(3625, 'hAP lite', '2C:C8:1B:56:56:3F', '', 1346),
(3626, 'ETH-SP-G2', '', '', 1346),
(3627, 'LBE-5AC-Gen2', '24:5A:4C:C0:7E:F2', '', 1347),
(3628, 'hAP lite', 'DC:2C:6E:AE:51:E9', '', 1347),
(3629, 'ETH-SP-G2', '', '', 1347),
(3630, 'LBE-5AC-Gen2', '24:5A:4C:C0:7C:C0', '', 1348),
(3631, 'hAP lite', 'DC:2C:6E:68:6C:AB', '', 1348),
(3632, 'ETH-SP-G2', '', '', 1348),
(3633, 'LBE-5AC-Gen2', 'F4:92:BF:42:22:36', '', 1349),
(3634, 'AP PROPIO', 'AP PROPIO', '', 1349),
(3635, 'ETH-SP-G2', '', '', 1349),
(3636, 'LBE-5AC-Gen2', '70:A7:41:1A:A2:77', '', 1350),
(3637, 'hAP lite', '2C:C8:1B:56:56:5D', '', 1350),
(3638, 'ETH-SP-G2', '', '', 1350),
(3639, 'LBE-5AC-Gen2', 'FC:EC:DA:C4:89:68', '', 1351),
(3640, 'hAP lite', '2C:C8:1B:56:47:F9', '', 1351),
(3641, 'ETH-SP-G2', '', '', 1351),
(3642, 'LBE-5AC-Gen2', '70:A7:41:12:E5:D9', '', 1352),
(3643, 'hAP lite', 'DC:2C:6E:F4:FD:DB', '', 1352),
(3644, 'ETH-SP-G2', '', '', 1352),
(3645, 'LBE-5AC-Gen2', '70:A7:41:1A:E3:AA', '', 1353),
(3646, 'hAP lite', '08:55:31:84:33:C5', '', 1353),
(3647, 'ETH-SP-G2', '', '', 1353),
(3648, 'Powerebeam 2AC 400', '24:5A:4C:F0:2B:30', '', 1354),
(3649, 'hAP lite', '', '', 1354),
(3650, 'ETH-SP-G2', '', '', 1354),
(3651, 'Powerebeam 2AC 400', '24:5A:4C:F0:2C:2B', '', 1355),
(3652, 'ETH-SP-G2', '', '', 1355),
(3653, 'LBE-5AC-Gen2', '70:A7:41:1A:EC:A9', '', 1356),
(3654, 'hap lite', '', '', 1356),
(3655, 'ETH-SP-G2', '', '', 1356),
(3656, 'NANO STATION M2', '68:D7:9A:BE:CC:A3', '', 1357),
(3657, 'hap lite', '', '', 1357),
(3658, 'ETH-SP-G2', '', '', 1357),
(3659, 'LBE-5AC-Gen2', '70:A7:41:1A:EC:C1', '', 1358),
(3660, 'hap lite', '', '', 1358),
(3661, 'ETH-SP-G2', '', '', 1358),
(3662, 'LiteBeam M5', '68:D7:9A:A1:18:74', '', 1359),
(3663, 'Hap Mini', '2C:C8:1B:75:B1:4D', '', 1359),
(3664, 'ETH-SP-G2', '', '', 1359),
(3665, 'power Beam', '', '', 1360),
(3666, 'ETH-SP-G2', '', '', 1360),
(3667, 'LBE-5AC-Gen2', '68:D7:9A:B2:39:D9', '', 1361),
(3668, 'ROUTER PROPIO', 'ROUTER PROPIO', '', 1361),
(3669, 'ETH-SP-G2', '', '', 1361),
(3670, 'LBE-5AC-Gen2', '68:D7:9A:B2:56:F7', '', 1362),
(3671, 'ETH-SP-G2', '', '', 1362),
(3672, 'LiteBeam M5', '70:A7:41:20:6B:FC', '', 1363),
(3673, 'ETH-SP-G2', '', '', 1363),
(3674, 'LBE-5AC-Gen2', 'F4:92:BF:E0:51:B2', '', 1364),
(3675, 'ROUTER PROPIO', 'ROUTER PROPIO', '', 1364),
(3676, 'ETH-SP-G2', '', '', 1364),
(3677, 'LBE-5AC-Gen2', '70:A7:41:1C:84:CF', '', 1365),
(3678, 'hap lite', '18:FD:74:8A:8B:6F', '', 1365),
(3679, 'ETH-SP-G2', '', '', 1365),
(3680, 'LBE-5AC-Gen2', '70:A7:41:1C:82:81', '', 1366),
(3681, 'hap lite', '18:FD:74:8A:8B:69', '', 1366),
(3682, 'ETH-SP-G2', '', '', 1366),
(3683, 'LBE-5AC-Gen2', '70:A7:41:1C:C3:16', '', 1367),
(3684, 'hap lite', 'DC:2C:6E:AE:4B:9F', '', 1367),
(3685, 'ETH-SP-G3', '', '', 1367),
(3686, 'LBE-5AC-Gen2', '70:A7:41:1C:85:E5', '', 1368),
(3687, 'hap lite', 'DC:2C:6E:AE:39:63', '', 1368),
(3688, 'ETH-SP-G4', '', '', 1368),
(3689, 'LBE-5AC-Gen2', '70:A7:41:1C:86:6C', '', 1369),
(3690, 'hap lite', '18:FD:74:8A:8B:0B', '', 1369),
(3691, 'LBE-5AC-Gen2', '70:A7:41:1C:BC:BC', '', 1370),
(3692, 'hap lite', '18:FD:74:8A:8C:D1', '', 1370),
(3693, 'PowerBeam M5', '68:D7:9A:96:2A:7F', '', 1371),
(3694, 'LBE-5AC-Gen2', '78:45:58:A8:84:59', '', 1372),
(3695, 'hap lite', '18:FD:74:8A:C2:99', '', 1372),
(3696, 'LBE-5AC-Gen2', '70:A7:41:1C:BC:FD', '', 1376),
(3697, 'hap lite', '', '', 1376),
(3698, 'LBE-5AC', '70:A7:41:1C:BD:F2', '', 1377),
(3699, 'hap lite', '', '', 1377),
(3700, 'LBE-5AC', '70:A7:41:28:3D:D5', '', 1378),
(3701, 'hap lite', '18:FD:74:8A:B7:59', '', 1378),
(3702, 'LBE-5AC', '70:A7:41:28:3E:EB', '', 1379),
(3703, 'hap lite', '18:FD:74:8A:B7:0C', '', 1379),
(3704, 'LBE-5AC', '70:A7:41:1C:21:96', '', 1380),
(3705, 'hap lite', 'DC:2C:6E:AE:20:9E', '', 1380),
(3706, 'LBE-5AC-Gen2', '70:A7:41:28:3F:40', '', 1381),
(3707, 'hap lite', '18:FD:74:8A:8C:D1', '', 1381),
(3708, 'LBE-5AC-Gen2', '70:A7:41:1C:22:BF', '', 1382),
(3709, 'hap lite', 'DC:2C:6E:AE:39:A7', '', 1382),
(3710, 'PBE-2AC-400', '24:5A:4C:F0:27:5A', '', 1383),
(3711, 'hap lite', '', '', 1383),
(3712, 'LBE-5AC-Gen2', '70:A7:41:1A:C9:8F', '', 1384),
(3713, 'hap lite', '18:FD:74:8A:B8:A4', '', 1384),
(3714, 'LBE-5AC-Gen2', '70:A7:41:1A:D9:A1', '', 1385),
(3715, 'hap lite', '18:FD:74:8A:C1:E6', '', 1385),
(3716, 'LBE-5AC-Gen2', '70:A7:41:1C:21:75', '', 1386),
(3717, 'hap lite', '18:FD:74:8A:B1:0E', '', 1386),
(3718, 'LBE-5AC', '70:A7:41:28:84:DF', '', 1387),
(3719, 'hap lite', '', '', 1387),
(3720, 'LBE-5AC-Gen2', '70:A7:41:28:85:B9', '', 1390),
(3721, 'hap lite', '18:FD:74:8A:B1:22', '', 1390),
(3722, 'LBE-5AC-Gen2', '70:A7:41:1C:21:91', '', 1391),
(3723, 'hap lite', '18:FD:74:8A:B7:86', '', 1391),
(3724, 'LBE-5AC-Gen2', '68:D7:9A:A8:6A:06', '', 1392),
(3725, 'hap lite', '18:FD:74:8A:B7:61', '', 1392),
(3726, 'LBE-5AC-Gen2', '70:A7:41:1A:FD:A7', '', 1393),
(3727, 'hap lite', '', '', 1393),
(3728, 'LBE-5AC-Gen2', 'F4:92:BF:42:3C:DE', '', 1394),
(3729, 'hap lite', '18:FD:74:8A:A6:19', '', 1394),
(3730, 'LiteBeam M5', '70:A7:41:22:C6:27', '', 1395),
(3731, 'hap lite', '', '', 1395),
(3732, 'LBE-5AC-Gen2', '70:A7:41:28:85:BB', '', 1396),
(3733, 'hap lite', '18:FD:74:8A:8A:C9', '', 1396),
(3734, 'LBE-5AC-Gen2', '68:D7:9A:B4:B7:E6', '', 1397),
(3735, 'hap lite', '08:55:31:71:0C:35', '', 1397),
(3736, 'LBE-5AC-Gen2', '70:A7:41:28:85:BB', '', 1398),
(3737, 'hap lite', 'DC:2C:6E:68:73:55', '', 1398),
(3738, 'PBE-M5-400', '68:D7:9A:96:2A:7F', '', 1399),
(3739, 'hap lite', '', '', 1399),
(3740, 'LBE-5AC ', '24:5A:4C:B6:0A:68', '', 1400),
(3741, 'hap lite', '08:55:31:77:7D:5D', '', 1400),
(3742, 'LBE-5AC-Gen2', '68:D7:9A:A8:7A:6B', '', 1401),
(3743, 'hap lite', 'DC:2C:6E:F4:F9:D9', '', 1401),
(3744, 'PBE-M5-400', '68:D7:9A:96:26:D6', '', 1402),
(3745, 'hap lite', '', '', 1402),
(3746, 'LBE-5AC ', '70:A7:41:1C:24:9D', '', 1403),
(3747, 'hap lite', '08:55:31:78:C1:79', '', 1403),
(3748, 'LBE-5AC-Gen2', 'F4:92:BF:42:22:36', '', 1404),
(3749, 'hap lite', '18:FD:74:A8:84:EE', '', 1404),
(3750, 'PBE-M5-400', '24:5A:4C:F0:29:81', '', 1405),
(3751, 'hap lite', '', '', 1405),
(3752, 'LBE-5AC', '70:A7:41:28:76:0C', '', 1406),
(3753, 'hAP lite', '18:FD:74:A8:86:23', '', 1406),
(3754, 'NBE-5AC-Gen2', '70:A7:41:14:E0:21', '', 1407),
(3755, 'hAP lite', '18:FD:74:8A:B8:35', '', 1407),
(3756, 'PBE-2AC-400', '24:5A:4C:F0:27:E8', '', 1408),
(3757, 'hAP lite', '18:FD:74:A8:85:99', '', 1408),
(3758, 'LiteBeam M5', '70:A7:41:22:A2:05', '', 1409),
(3759, 'hAP lite', '', '', 1409),
(3760, 'PBE-M5-400', '78:8A:20:64:F1:90', '', 1410),
(3761, 'hAP lite', '18:FD:74:A8:84:F4', '', 1410),
(3762, 'LBE-5AC', '70:A7:41:1A:F9:05', '', 1411),
(3763, 'hAP lite', '18:FD:74:A8:A0:3F', '', 1411),
(3764, 'PBE-M5-400', 'F0:9F:C2:88:9D:68', '', 1412),
(3765, 'hAP lite', '18:FD:74:A9:3F:5A', '', 1412),
(3766, 'LBE-5AC', '68:D7:9A:A8:50:D3', '', 1414),
(3767, 'hAP lite', '18:FD:74:A8:8F:9E', '', 1414),
(3768, 'LBE-5AC', '68:D7:9A:A8:61:39', '', 1415),
(3769, 'hAP lite', '', '', 1415),
(3770, 'LBE-5AC', '70:A7:41:1A:FC:13', '', 1416),
(3771, 'hAP lite', 'DC:2C:6E:04:53:32', '', 1416),
(3772, 'LBE-5AC', '68:D7:9A:B2:3C:46', '', 1417),
(3773, 'hAP lite', '18:FD:74:A8:9B:04', '', 1417),
(3774, 'LBE-5AC', '70:A7:41:28:7C:01', '', 1418),
(3775, 'hAP lite', '18:FD:74:A9:42:51', '', 1418),
(3776, 'LBE-5AC', '70:A7:41:1C:40:E5', '', 1419),
(3777, 'hAP lite', '18:FD:74:A9:42:33', '', 1419),
(3778, 'LBE-5AC', '70:A7:41:1C:45:02', '', 1420),
(3779, 'hAP lite', '18:FD:74:A9:41:E5', '', 1420),
(3780, 'LBE-5AC', '70:A7:41:28:87:FF', '', 1421),
(3781, 'hAP lite', '18:FD:74:A8:95:2C', '', 1421),
(3782, 'LBE-5AC', '70:A7:41:28:86:91', '', 1422),
(3783, 'hAP lite', '18:FD:74:A9:42:80', '', 1422),
(3784, 'LBE-5AC', '70:A7:41:1A:BB:9C', '', 1423),
(3785, 'hAP lite', '18:FD:74:A8:8F:BE', '', 1423),
(3786, 'NBE-5AC-Gen2', '24:5A:4C:06:8A:75', '', 1424),
(3787, 'RUJIE ', 'RUJIE', '', 1424),
(3788, 'N/A', 'N/A', '', 1425),
(3789, 'hAP lite', '18:FD:74:A9:43:45', '', 1425),
(3790, 'LBE-5AC-Gen2', '68:D7:9A:B4:A3:B9', '', 1426),
(3791, 'hAP lite', 'DC:2C:6E:67:18:9A', '', 1426),
(3792, 'PBE-M5-400', '24:5A:4C:F6:DC:0D', '', 1427),
(3793, 'hAP lite', '', '', 1427),
(3794, 'LBE-5AC', '24:5A:4C:B4:7C:3B', '', 1428),
(3795, 'hAP lite', '', '', 1428),
(3796, 'LBE-5AC', '60:22:32:C8:08:7D', '', 1429),
(3797, 'hAP lite', '18:FD:74:A8:88:12', '', 1429),
(3798, 'ENLACE OPTICO', 'ENLACE OPTICO', '', 1430),
(3799, 'hAP lite', '', '', 1430),
(3800, 'LBE-5AC', '70:A7:41:1C:1C:AA', '', 1431),
(3801, 'hAP lite', '', '', 1431),
(3802, 'Nano Station M5', '78:8A:20:16:1B:32', '', 1432),
(3803, 'hAP lite', '', '', 1432),
(3804, 'LBE-5AC', '60:22:32:C8:08:F2', '', 1433),
(3805, 'hAP lite', '18:FD:74:5F:FE:81', '', 1433),
(3806, 'LBE-5AC', '60:22:32:D0:D7:E1', '', 1434),
(3807, 'hAP lite', '18:FD:74:A9:3D:41', '', 1434),
(3808, 'LBE-5AC', '60:22:32:C8:05:D8', '', 1435),
(3809, 'hAP lite', '18:FD:74:A9:3E:85', '', 1435),
(3810, 'LBE-5AC', '60:22:32:CE:10:8C', '', 1436),
(3811, 'hAP lite', '18:FD:74:A8:85:2D', '', 1436),
(3812, 'LBE-5AC', '60:22:32:CE:0F:0E', '', 1437),
(3813, 'hAP lite', '48:A9:8A:56:80:76', '', 1437),
(3814, 'PBE-M5-400', '24:5A:4C:EC:38:46', '', 1438),
(3815, 'hAP lite', '48:A9:8A:56:82:2E', '', 1438),
(3816, 'LBE-5AC', '60:22:32:CE:0F:9F', '', 1439),
(3817, 'hAP lite', '48:A9:8A:56:7F:C0', '', 1439),
(3818, 'LBE-5AC', '60:22:32:C6:05:5B', '', 1440),
(3819, 'hAP lite', '48:A9:8A:56:8A:2B', '', 1440),
(3820, 'LBE-5AC', '60:22:32:C6:0A:D1', '', 1441),
(3821, 'hAP lite', '48:A9:8A:56:80:40', '', 1441),
(3822, 'hAP lite', '', '', 1442),
(3823, 'LBE-5AC', '60:22:32:C8:0F:D6', '', 1443),
(3824, 'hAP lite', '18:FD:74:A9:48:01', '', 1443),
(3825, 'LBE-5AC', '60:22:32:C6:07:BD', '', 1444),
(3826, 'hAP lite', '18:FD:74:A9:69:C8', '', 1444),
(3827, 'LBE-5AC', '60:22:32:CE:10:8B', '', 1445),
(3828, 'hAP lite', '18:FD:74:A8:86:D7', '', 1445),
(3829, 'LBE-5AC', '68:D7:9A:A8:5C:23', '', 1447),
(3830, 'hAP lite', '', '', 1447),
(3831, 'LBE-5AC', 'F4:92:BF:4C:B7:50', '', 1448),
(3832, 'hAP lite', '', '', 1448),
(3833, 'NANO STATION', '68:D7:9A:A2:34:30', '', 1449),
(3834, 'hAP lite', '48:A9:8A:7A:36:73', '', 1449),
(3835, 'LBE-5AC', '24:5A:4C:B4:7F:FE', '', 1450),
(3836, 'hAP lite', '48:A9:8A:7A:36:4A', '', 1450),
(3837, 'Cableado', 'Cableado', '', 1451),
(3838, 'hAP lite', '', '', 1451),
(3839, 'LBE-5AC', '60:22:32:C6:FE:7A', '', 1452),
(3840, 'hAP lite', '48:A9:8A:7A:36:2B', '', 1452),
(3841, 'LBE-5AC', '60:22:32:C6:FD:9F', '', 1453),
(3842, 'hAP lite', '18:FD:74:A9:69:3F', '', 1453),
(3843, 'LBE-M5', '70:A7:41:26:D2:F7', '', 1454),
(3844, 'hAP lite', '18:FD:74:A9:40:A4', '', 1454),
(3845, 'LBE-5AC', '60:22:32:C6:FE:5E', '', 1455),
(3846, 'hAP lite', '08:55:31:78:BA:6A', '', 1455),
(3847, 'LBE-5AC', '60:22:32:C6:FF:37', '', 1456),
(3848, 'hAP lite', '18:FD:74:A8:9C:BA', '', 1456),
(3849, 'LBE-5AC', '60:22:32:C6:FE:6E', '', 1457),
(3850, 'hAP lite', '18:FD:74:A9:42:00', '', 1457),
(3851, 'LBE-5AC', 'F4:92:BF:42:2C:36', '', 1458),
(3852, 'hAP lite', '18:FD:74:A9:4A:61', '', 1458),
(3853, 'LBE-5AC', '60:22:32:C6:00:9A', '', 1459),
(3854, 'hAP lite', '08:55:31:77:6C:6D', '', 1459),
(3855, 'LBE-5AC', '68:D7:9A:A4:56:C6', '', 1460),
(3856, 'hAP lite', 'DC:2C:6E:AE:39:03', '', 1460),
(3857, 'LBE-5AC', '60:22:32:C6:FD:9D', '', 1461),
(3858, 'hAP lite', 'DC:2C:6E:F4:FD:15', '', 1461),
(3859, 'LBE-5AC', '60:22:32:C6:FF:1A', '', 1462),
(3860, 'hAP lite', '18:FD:74:8A:B9:5A', '', 1462),
(3861, 'LBE-5AC', '24:5A:4C:B4:7E:08', '', 1463),
(3862, 'hAP lite', '18:FD:74:8A:8B:89', '', 1463),
(3863, 'LBE-5AC', '60:22:32:C6:FE:8C', '', 1464),
(3864, 'hAP lite', '48:A9:8A:7A:35:B4', '', 1464),
(3865, 'LBE-5AC', '68:D7:9A:B2:7A:0C', '', 1465),
(3866, 'hAP lite', '18:FD:74:A9:69:C8', '', 1465),
(3867, 'LBE-5AC', '24:5A:4C:B4:70:7E', '', 1466),
(3868, 'hAP lite', '48:A9:8A:56:81:56', '', 1466),
(3869, 'LBE-5AC', '60:22:32:C6:FF:36', '', 1467),
(3870, 'hAP lite', '18:FD:74:A9:5D:DF', '', 1467),
(3871, 'LBE-5AC', '60:22:32:CE:0B:EE', '', 1468),
(3872, 'hAP lite', '18:FD:74:A9:59:E0', '', 1468),
(3873, 'LBE-M5', '24:5A:4C:DC:17:95', '', 1469),
(3874, 'hAP lite', '', '', 1469),
(3875, 'LBE-5AC', '60:22:32:C6:FF:B9', '', 1470),
(3876, 'hAP lite', '', '', 1470),
(3877, 'ETHERNET', 'ETHERNET', '', 1471),
(3878, 'hAP lite', '', '', 1471),
(3879, 'ETHERNET', 'ETHERNET', '', 1472),
(3880, 'hAP lite', '', '', 1472),
(3881, 'LBE-M5', '70:A7:41:26:D5:5E', '', 1473),
(3882, 'hAP lite', '18:FD:74:A9:60:59', '', 1473),
(3883, 'hAP lite', '', '', 1474),
(3884, 'LBE-5AC', '60:22:32:C6:F2:55', '', 1475),
(3885, 'hAP lite', 'DC:2C:6E:AE:3F:A2', '', 1475),
(3886, 'LBE-5AC', '60:22:32:CE:15:DA', '', 1476),
(3887, 'hAP lite', '48:A9:8A:FB:63:E4', '', 1476),
(3888, 'LBE-5AC', '60:22:32:CE:09:57', '', 1477),
(3889, 'hAP lite', '18:FD:74:A9:56:AF', '', 1477),
(3890, 'LBE-5AC', '60:22:32:CE:2B:16', '', 1478),
(3891, 'hAP lite', '18:FD:74:A9:43:64', '', 1478),
(3892, 'LBE-5AC', '60:22:32:C8:00:F1', '', 1479),
(3893, 'hAP lite', '', '', 1479),
(3894, 'LBE-5AC', '60:22:32:C6:FF:4E', '', 1480),
(3895, 'hAP lite', '', '', 1480),
(3896, 'LBE-5AC', '60:22:32:C6:FE:48', '', 1481),
(3897, 'hAP lite', '48:A9:8A:FB:64:26', '', 1481),
(3898, 'LBE-M5', '70:A7:41:26:D5:64', '', 1482),
(3899, 'hAP lite', '48:A9:8A:FB:64:7A', '', 1482),
(3900, 'LBE-5AC', '60:22:32:C8:15:39', '', 1483),
(3901, 'hAP lite', '48:A9:8A:FB:5E:F2', '', 1483),
(3902, 'LBE-5AC', '60:22:32:DC:BC:52', '', 1484),
(3903, 'hAP lite', '48:A9:8A:FB:60:12', '', 1484);

-- --------------------------------------------------------

--
-- Table structure for table `registro_pago`
--

CREATE TABLE `registro_pago` (
  `id_pago` int(11) NOT NULL,
  `id_contrato` int(11) NOT NULL,
  `fecha_pago` date DEFAULT NULL,
  `monto_pago` double DEFAULT NULL
) ENGINE=InnoDB DEFAULT CHARSET=utf8mb4 COLLATE=utf8mb4_general_ci;

-- --------------------------------------------------------

--
-- Table structure for table `servicio`
--

CREATE TABLE `servicio` (
  `id_servicio` int(11) NOT NULL,
  `velocidad_contratada` varchar(255) DEFAULT NULL,
  `sector_anclado` varchar(255) DEFAULT NULL,
  `usuario_ppoe` varchar(255) DEFAULT NULL,
  `contra_ppoe` varchar(255) DEFAULT NULL,
  `id_contrato` int(11) NOT NULL
) ENGINE=InnoDB DEFAULT CHARSET=utf8mb4 COLLATE=utf8mb4_general_ci;

--
-- Dumping data for table `servicio`
--

INSERT INTO `servicio` (`id_servicio`, `velocidad_contratada`, `sector_anclado`, `usuario_ppoe`, `contra_ppoe`, `id_contrato`) VALUES
(1165, '10', 'GT1', '20201201', 'ZK7sRxuZ', 1166),
(1166, '10', 'GT3', '20201202', 'HZVddU7j', 1167),
(1167, '6', 'GT3', '20201203', 'eZJTXo83', 1168),
(1168, '10', 'GT1', '20201204', 'MvP9Ng7i', 1169),
(1169, '6', 'GT1', '20201205', 'aTO3PkyY', 1170),
(1170, '6', 'GT3', '20201206', 'GbKa4HmY', 1171),
(1171, '10', 'GT3', '20201207', 'x4U8NwWj', 1172),
(1172, '10', 'GT10', '20201208', 'iA1MoPSY', 1173),
(1173, '10', 'GT1', '20201209', 'tJwJ3UYL', 1174),
(1174, '10', 'GT1', '20201210', 'akK9LIQ3', 1175),
(1175, '20', 'GT3', '20210101', 'tgbgxa3N', 1176),
(1176, '6', 'GT3', '20210102', 'pwXvpJ4F', 1177),
(1177, '20', 'GT10', '20210103', 'WVRuWoc1', 1178),
(1178, '6', 'GT3', '20210104', '0bt0UMvj', 1179),
(1179, '6', 'GT1', '20210105', 'uykD2hPj', 1180),
(1180, '10', 'GT1', '20210106', '4k5c7CpR', 1181),
(1181, '6', 'GT10', '20210107', 'bhAmFbN1', 1182),
(1182, '6', 'GT10', '20210108', 'zj27EfA7', 1183),
(1183, '6', 'GT2', '20210109', 'Ggc719F7', 1184),
(1184, '6', 'GT5', '20210110', 'jdp8IV0Z', 1185),
(1185, '10', 'GT1', '20210111', 'A3ZikDAp', 1186),
(1186, '10', 'GT1', '20210112', 'b6Pv1mPe', 1187),
(1187, '10', 'GT3', '20210113', 'nDE59umC', 1188),
(1188, '10', 'GT2', '20210114', '6AthZvpI', 1189),
(1189, '6', 'GT1', '20210115', 'Z687cFsj', 1190),
(1190, '3', 'SEGT1', '20210116', 'UIAkn43s', 1191),
(1191, '10', 'GT3', '20210117', 'TO5hVu2v', 1192),
(1192, '6', 'GT1', '20210118', 'AvrqzG3j', 1193),
(1193, '10', 'GT1', '20210119', 'SrMax1ph', 1194),
(1194, '6', 'GT1', '20210120', 'OtrRJUF9', 1195),
(1195, '3', 'GT1', '20210121', 'XupVr8tz', 1196),
(1196, '10', 'GT2', '20210122', 'J7ob2yYK', 1197),
(1197, '6', 'GT3', '20210123', 'jHSTT1gN', 1198),
(1198, '3', 'GT1', '20210124', 'rozYA7rF', 1199),
(1199, '2', 'N/A', '20210125', 'zvzSOSui', 1200),
(1200, '6', 'GT10', '20210126', 'HFkCQs65', 1201),
(1201, '10', 'GT1', '20210127', 'ASUR6y2U', 1202),
(1202, '10', 'GT3', '20210128', 'POc29Bxh', 1203),
(1203, '10', '', '20210128', 'POc29Bxh', 1204),
(1204, '10', 'GT1', '20210129', '4CrCqKbp', 1205),
(1205, '6', 'GT1', '20210130', 'XHy7viSs', 1206),
(1206, '10', 'GT10', '20210131', 'vzpYPG1s', 1207),
(1207, '6', '', '20210132', 'CVT6jo9O', 1208),
(1208, '20', 'GT2', '20210133', 'Lut6rfE5D', 1209),
(1209, '10', 'GT2', '20210134', 'GYUkvt5e', 1210),
(1210, '10', 'NANO', '20210135', 'loi78ft4DA', 1211),
(1211, '20', 'GT2', '20210136', 'JUt67Rtfc', 1212),
(1212, '6', 'GT10', '20210137', 'ml2OR49C', 1213),
(1213, '6', 'GT5', '20210138', '0CDf6as7A', 1214),
(1214, '10', 'GT1', '20210139', 'CbLp0t6Y3', 1215),
(1215, '20', 'GT3', '20210140', 'NBH7i9opl', 1216),
(1216, '20', 'GT2', '20210141', 'TRY0nfa7', 1217),
(1217, '3', 'GT3', '20210142', 'pOU7Btc46', 1218),
(1218, '10', 'GT4', '20210143', 'POL5tv3W', 1219),
(1219, '10', 'GT3', '20210144', 'Vbnz45RQ', 1220),
(1220, '10', 'GT1', '20210145', 'gfr5DR3E', 1221),
(1221, '10', 'GT2', '20210146', 'CVM09iFt', 1222),
(1222, '3', 'GT2', '20210147', 'p¤lQ2vtr', 1223),
(1223, '6', 'GT2', '20210148', 'ERT78gqe', 1224),
(1224, '6', '', '20210149', 'lpNAS56q', 1225),
(1225, '3', 'GT2', '20210150', 'cMv345RT', 1226),
(1226, '6', 'GT3', '20210151', 'PnAQ234R', 1227),
(1227, '10', 'GT1', '20210152', '90gty43s', 1228),
(1228, '3', 'GT2', '20210153', 'HJB5Aqw8', 1229),
(1229, '3', 'GT3', '20210154', 'ZXCVQ3Qw', 1230),
(1230, '6', 'GT1', '20210155', '765Yucre', 1231),
(1231, '6', 'FREE', '20210156', 'MAQEr502', 1232),
(1232, '10', 'MGT1', '20210157', 'lcer098I', 1233),
(1233, '6', 'GT2', '20210158', '90FTU12S', 1234),
(1234, '3', 'GT3', '20210159', 'cvbnz45R', 1235),
(1235, '3', 'MGT3', '20210160', 'BV456as5', 1236),
(1236, '3', '', '20210161', 'ploAS46H', 1237),
(1237, '3', 'N/A', '20210162', 'MNB2345c', 1238),
(1238, '3', 'MGT1', '20210163', 'kLT67Yvm', 1239),
(1239, '3', 'MGT1', '20210164', 'qwea345sf', 1240),
(1240, '10', 'N/A', '20210165', 'plmnvcr7', 1241),
(1241, '3', 'GT4', '20210166', '890aczvE', 1242),
(1242, '10', 'GT4', '20210167', 'COPB78fr', 1243),
(1243, '20', 'GT2', '20210168', 'Vy89cR3G', 1244),
(1244, '10', '', '20210169', 'Drt56Dcv', 1245),
(1245, '10', '', '20210170', 'MyuFR34s', 1246),
(1246, '10', '', '20210171', 'plo435Sw', 1247),
(1247, '10', 'GT2', '20210172', 'UGTvc21g', 1248),
(1248, '20', 'SEGT2', '20210173', 'bnzx90oP', 1249),
(1249, '20', 'BVGT2', '20210174', '0PNM31w9', 1250),
(1250, '3', '', '20210175', '67GHTSc4', 1251),
(1251, '6', 'PGT1', '20210176', 'mnae321q', 1252),
(1252, '10', '', '20210177', '098ipmfrr', 1253),
(1253, '6', '', '20210178', 'TYUr43Aq', 1254),
(1254, '10', '', '20210179', 'KVe4321S', 1255),
(1255, '3', 'GT4', '20210180', '678Gr21S', 1256),
(1256, '10', 'SEGT2', '20210181', 'frzv60L1', 1257),
(1257, '3', 'GT2', '20210182', 'LOTC56Re', 1258),
(1258, '20', 'SGT', '20210183', 'GHJ4r32t', 1259),
(1259, '10', 'GT3', '20210184', 'NVZD134A', 1260),
(1260, '20', 'GT JAO', '20210185', '120KAFX6', 1261),
(1261, '20', '', '20210186', 'GFT5621Z', 1262),
(1262, '20', 'CAPGT1', '20210187', 'KYQZ43Qs', 1263),
(1263, '3', 'GT4', '20210188', 'sg6OP01Q', 1264),
(1264, '20', 'BVGT2', '20210189', 'Npxcr5DW', 1265),
(1265, '10', 'GT3', '20210190', '986Dr5ac', 1266),
(1266, '20', 'BVGT3', '20220101', 'aJK4582M', 1267),
(1267, '10', 'BVGT3', '20220102', 'Am4829f5', 1268),
(1268, '20', 'CGT3', '20220103', '48sJFw04', 1269),
(1269, '3', 'GT2', '20220104', 'Ja31Ca9n', 1270),
(1270, '10', 'GT5 PIL', '20220105', 'CV56rt11', 1271),
(1271, '3', 'GT2', '20220106', '67ftMPKA', 1272),
(1272, '30', 'CGT2', '20220107', 'vbze456W', 1273),
(1273, '50', 'BVGT4', '20220108', 'NBY6fR34', 1274),
(1274, '3', 'GT2', '20220109', '0OARt31A', 1275),
(1275, '30', 'CGT3', '20220110', 'Bcfz46qw', 1276),
(1276, '10', 'SEGT1', '20220111', 'LKi8Gcrt', 1277),
(1277, '10', 'BVGT5', '20220112', 'AZer890u', 1278),
(1278, '10', 'SEGT2', '20220113', 'BGT5eQaX', 1279),
(1279, '6', 'GT3', '20220114', 'CVre45Sw', 1280),
(1280, '6', 'MGT1', '20220115', '0ag45vcR', 1281),
(1281, '50', 'CAPGT1', '20220116', 'L4cv43aS', 1282),
(1282, '10', 'GT4', '20220117', 'Dxj789tv', 1283),
(1283, '20', 'CGT1', '20220118', '1ZC4fj7M', 1284),
(1284, '10', 'CGT2', '20220119', '6CFVm8Qr', 1285),
(1285, '10', 'GT1', '20220120', 'VB65sa12', 1286),
(1286, '10', 'SEGT2', '20220121', '67VCe12L', 1287),
(1287, '6', 'GT2', '20220122', 'tyzvc3Sw', 1288),
(1288, '3', 'SANDOVAL', 'Brayan Sandoval', 'Brayan Sandoval', 1289),
(1289, '6', 'MGT1', '20220124', 'Gtyu45h', 1290),
(1290, '3', 'GT3', '20220125', 'XT6cgt17', 1291),
(1291, '6', 'GT3', '20220126', 'TyVcxW90', 1292),
(1292, '10', '3011 SEGT', '20220127', 'GvuiAS3C', 1293),
(1293, '6', 'GT3', '20220128', 'Ytas13CV', 1294),
(1294, '6', 'cerrilllos 1', '20220129', '65TGc98', 1295),
(1295, '6', 'Cerrillos 2', '20220130', '0of41asV', 1296),
(1296, '6', 'ceririllos 2', '20220131', 'Ytcv54AS', 1297),
(1297, '6', 'cerrillos 3', '20220132', 'MNLK89e', 1298),
(1298, '3', 'GT2', '20220133', 'TY5ds21a', 1299),
(1299, '6', 'Cerrillos 1', '20220134', 'Vcxz3as2', 1300),
(1300, '10', 'SEGT3', '20220135', 'PLMN45ai', 1301),
(1301, '10', 'SEGT3', '20220136', 'PLBX43sf', 1302),
(1302, '20', 'GT4', '20220137', 'ln45ds24', 1303),
(1303, '3', 'GT5', '20220138', 'VBHGsd32', 1304),
(1304, '15', 'GT4', '20220139', 'TYU7fCrd3', 1305),
(1305, '20', 'CGT4', '20220140', 'CFDAd45a', 1306),
(1306, '50', 'BVGT6', '20220141', 'ZXCP09fd', 1307),
(1307, '3', 'CGT2-2', '20220142', 'BvcRfD4R', 1308),
(1308, '10', 'GT4', '20220143', 'YUTvcfr5', 1309),
(1309, '10', 'CGT', '20220144', 'cvgtDrf2', 1310),
(1310, '20', 'Cerrillos 4', '20220145', 'Frt725DG', 1311),
(1311, '10', 'SGT2', '20220146', 'cvtR41We', 1312),
(1312, '10', 'SEGT1', '20220147', 'BNMre321', 1313),
(1313, '1', 'GT1', '20220148', '0pnc23ER', 1314),
(1314, '30', '', '20220149', '78VXEqwa', 1315),
(1315, '6', 'GT4', '20220150', 'asxc67ty', 1316),
(1316, '20', 'CGT6', '20220151', '67T87Yvc', 1317),
(1317, '6', 'GT4', '20220152', 'yu5ratW', 1318),
(1318, '30', 'CGT1', '20220153', 'zc123R56', 1319),
(1319, '10', 'GT4', '20220154', 'bgtrs23a', 1320),
(1320, '10', 'PGT1', '20220155', 'GFtc345a', 1321),
(1321, '10', 'SEGT4', '20220156', 'zx5rToP0', 1322),
(1322, '3', 'CGT6', '20220157', 'mku76sA1', 1323),
(1323, '100', 'CGT6', '20220158', '1AS1PLUt', 1324),
(1324, '50', 'CGT6', '20220159', 'sd23jy67', 1325),
(1325, '10', 'SEGT6', '20220160', 'SGvg234R', 1326),
(1326, '3', 'GT4', '20220161', 'MBZXre33', 1327),
(1327, '10', 'CGT2', '20220162', 'cay567r4', 1328),
(1328, '10', 'GGT2', '20220163', 'Frh67Yu8', 1329),
(1329, '3', 'GT2', '20220164', 'MNb65ERd', 1330),
(1330, '3', 'GT4', '20220165', 'O7Yush34', 1331),
(1331, '10', 'GT7', '20220166', 'nas67Ytd', 1332),
(1332, '30', 'BVGT2', '20220167', 'SUPu78sd', 1333),
(1333, '10', '', '20220168', 'A234dfTU', 1334),
(1334, '10', '', '20220169', 'Daqw45Hj', 1335),
(1335, '10', 'BVGT3', '20220170', 'rty890AS', 1336),
(1336, '100', '3011 PRINC', '20220171', 'ert234AS', 1337),
(1337, '6', 'GT3', '20220172', 'TYUbv45f', 1338),
(1338, '20', 'CGT1', '20220173', '020FRTa3', 1339),
(1339, '20', 'SEGT1', '20220174', 'sdxz5678', 1340),
(1340, '3', 'GT8', '20220175', 'ert56POP', 1341),
(1341, '3', 'GT8', '20220176', 'Dbvt569O', 1342),
(1342, '20', 'GT5', '20220177', 'mnbty65E', 1343),
(1343, '20', 'BVGT4', '20220178', '89hRtvcK', 1344),
(1344, '3', 'SEGT13', '20220179', '890NMR34', 1345),
(1345, '50', 'BVGT3', '20220180', 'iopBr567', 1346),
(1346, '6', 'GT2', '20220181', 'jyuTB56F', 1347),
(1347, '30', 'CGT2', '20220182', 'mnBE1234', 1348),
(1348, '6', 'GT4', '20220183', 'NbcRtg6r', 1349),
(1349, '10', 'BVGT5', '20220184', 'LOP7yr3s', 1350),
(1350, '6', 'GT3', '20220185', 'BvFrtuJ9', 1351),
(1351, '10', 'GT4', '20220186', 'Tyhgcer4', 1352),
(1352, '50', 'BVGT7', '20220187', '20agtYdd', 1353),
(1353, '3', 'GT2', '20220188', 'Nmuy67rC', 1354),
(1354, '30', 'GGT2', '20220189', 'VCDS234r', 1355),
(1355, '30', 'GGT2', '20220190', 'VC54RtCv', 1356),
(1356, '10', 'SEGT1', '20220191', '78UIrfte', 1357),
(1357, '10', '', '20220192', '45fdertY', 1358),
(1358, '10', '', '20220193', '0opijnm8', 1359),
(1359, '3', 'GT2', '20220194', 'UIY765cx', 1360),
(1360, '10', '', '20220195', 'hgt56gcG', 1361),
(1361, '10', '', '20220196', 'p096Rdxc', 1362),
(1362, '6', 'GT4', '20220197', 'jvR43sDB', 1363),
(1363, '10', 'BVGT3', '20220198', 'BVCX12QW', 1364),
(1364, '20', 'SGT', '20220199', 'nbhy76ds', 1365),
(1365, '10', 'SEGT14', '20220200', '097hgvcr', 1366),
(1366, '10', 'BVGT7', '20220201', 'Jy56uh23', 1367),
(1367, '10', 'GT4', '20220202', 'HT254yus', 1368),
(1368, '3', 'GT3', '20220203', 'JNT56rSA', 1369),
(1369, '3', 'GT3', '20230101', 'fnmr6Gvc', 1370),
(1370, '10', 'ASGT1', '20230102', 'oTVfr1qu', 1371),
(1371, '10', 'AZGT1', '20230103', '12XMN7u3', 1372),
(1372, '20', 'CGT3', '20230104', 'vFfT56dn', 1373),
(1373, '10', '', '20230105', 'NMLser45', 1374),
(1374, '15', 'AGT1', '20230105', 'NMLser45', 1375),
(1375, '10', '', '20230106', 'GTY56saq', 1376),
(1376, '6', 'GT3', '20230107', 'Retcd340', 1377),
(1377, '50', 'BVGT3', '20230108', 'NMY67Sad', 1378),
(1378, '10', 'ASGT1', '20230109', 'yhu65vcd', 1379),
(1379, '20', 'BVGT1', '20230110', 'pmn123qA', 1380),
(1380, '10', 'GT8', '20230111', 'nbvcr54D', 1381),
(1381, '20', 'GT4', '20230112', 'MNu7yFSe', 1382),
(1382, '10', 'ASGT1', '20230113', 'nm789poG', 1383),
(1383, '10', 'BVGT8', '20230114', 'po90Ngr1', 1384),
(1384, '10', 'ASGT1', '20230115', 'cvbxERT1', 1385),
(1385, '10', 'GGT1', '20230116', 'BNTDF312', 1386),
(1386, '6', 'GT10', '20230117', 'mnad43er3', 1387),
(1387, '10', '', '20230118', 'vbnyt78y', 1388),
(1388, '3', '', '20230119', 'HBt43QWo', 1389),
(1389, '3', '', '20230120', 'MKNB5tDc', 1390),
(1390, '10', 'GT4', '20230121', 'nby645E3', 1391),
(1391, '3', 'GT10', '20230122', '9uyW12Xd', 1392),
(1392, '6', 'GT4', '20230123', 'bvT98U76', 1393),
(1393, '20', 'GT2.', '20230124', 'cv31EAfry', 1394),
(1394, '30', 'BVGT7', '20230125', 'cG5rt12S', 1395),
(1395, '20', '', '20230126', 'fgt6ybd4', 1396),
(1396, '20', '', '20230127', '89DTr2AH', 1397),
(1397, '10', 'GT4', '20230128', 'vnm4tig9', 1398),
(1398, '6', 'MGT2', '20230129', '89UJGdsr', 1399),
(1399, '20', 'CGT3', '20230130', 'Lu67DXC5', 1400),
(1400, '10', 'SEGT2', '20230131', 'lY6543Sv', 1401),
(1401, '3', 'GT10', '20230132', 'FT23QW1', 1402),
(1402, '10', 'CGT3', '20230133', '09HT12as', 1403),
(1403, '10', 'SEGT4', '20230134', 'Vbzsa12A', 1404),
(1404, '20', 'BVGT6', '20230135', 'MLOc56Fb', 1405),
(1405, '10', 'BVGT8', '20230136', 'Jai4tyq1', 1406),
(1406, '10', 'BVGT3', '20230137', 'JusvR4da', 1407),
(1407, '10', 'SEGT1', '20230138', '657Hvfre', 1408),
(1408, '20', 'SEGT7', '20230139', 'LpobRe34', 1409),
(1409, '10', 'Enlace-Esterones-GT', '20230140', 'Bvc1a2wu', 1410),
(1410, '30', 'GRZ-B-DAT-1768-001', '20230141', 'Nbt56fdVH', 1411),
(1411, '30', 'CGT2', '20230142', 'mnHt56De', 1412),
(1412, '10', 'GRZ-B-DAT-1768-001', '20230143', 'cv45R3SE', 1413),
(1413, '10', '', '20230144', 'NJK9df2E', 1414),
(1414, '6', 'SFGT1', '20230145', 'vgty67As', 1415),
(1415, '6', '', '20230146', 'HJy67FCA', 1416),
(1416, '3', 'GT1.', '20230147', 'SqwVBHjk', 1417),
(1417, '10', 'SFGT1', '20230148', 'De678Lp0', 1418),
(1418, '10', 'SEGT4', '20230149', 'Aq23Sqop', 1419),
(1419, '3', 'GT4', '20230150', '25DswQ1e', 1420),
(1420, '3', 'GT4', '20230151', '67uLogtY', 1421),
(1421, '10', 'SFGT3', '20230152', '25KJUasY', 1422),
(1422, '20', 'BGT7', '20230153', '21BNtYC', 1423),
(1423, '20', 'SFGT2', '20230154', 'BVGT5QW', 1424),
(1424, '30', 'CGT8', '20230155', 'Nvgty6zx', 1425),
(1425, '6', 'SFGT4', '20230156', 'mnhyr4E2', 1426),
(1426, '20', 'GT JAO', '20230157', 'nbVcd321', 1427),
(1427, '3', '', '20230158', 'bGt50Pdq', 1428),
(1428, '20', '', '20230159', 'xZswq1T5', 1429),
(1429, '6', 'GT4', '20230160', 'nILpfg53', 1430),
(1430, '10', 'Swicht Carlos Jim', '20230161', 'nBGtdsz3', 1431),
(1431, '50', 'GGT3', '20230162', '6y7U89Vp', 1432),
(1432, '6', 'BVGT10', '20230163', 'fr2sr56x', 1433),
(1433, '6', 'CGT1', '20230164', '56Potyvs', 1434),
(1434, '6', 'GT5', '20230165', 'rt543esC', 1435),
(1435, '10', 'SFGT5', '20230166', '3edrt56yb', 1436),
(1436, '10', 'SEGT1', '20230167', 'xswqa2QA', 1437),
(1437, '10', 'SEGT1', '20230168', 'ASE345up', 1438),
(1438, '10', 'GRZ-B-DAT-1768', '20230169', 'puygT56a', 1439),
(1439, '20', 'GRZ-B-DAT-1768', '20230170', '25fgT4sE', 1440),
(1440, '6', 'GT1.', '20230171', 'JUOgCR4', 1441),
(1441, '6', 'SFGT1', '20230172', '09WSaq12', 1442),
(1442, '50', '', '20230173', 'Ygfae34f', 1443),
(1443, '10', 'SFGT2', '20230174', 'LCSKNIhg', 1444),
(1444, '6', 'SFGT1', '20230175', 'dhY67gxc', 1445),
(1445, '10', 'SFGT1', '20230176', 'pL87uhgt', 1446),
(1446, '6', 'SFGT2', '20230177', 'nbvgt54RE', 1447),
(1447, '10', 'SFGT2', '20230178', 'GHt5321', 1448),
(1448, '6', 'SFGT2', '20230179', 'SFgt4FSA', 1449),
(1449, '6', 'SFGT4', '20230180', 'BGty6AD1', 1450),
(1450, '10', 'SFGT2', '20230181', '21LJKuhs', 1451),
(1451, '6', '', '20230182', '78gatrde3', 1452),
(1452, '6', 'SFGT5', '20230183', '1dsfgthfd', 1453),
(1453, '20', 'BVGT2', '20230184', 'hjyt54Rs', 1454),
(1454, '6', 'SFGT7', '20230185', 'SDfggjreq', 1455),
(1455, '6', 'SFGT7', '20230186', 'Jyut6rde', 1456),
(1456, '20', 'SFGT1', '20230187', 'JFOKuyt5', 1457),
(1457, '6', 'SFGT4', '20230188', '3sERvc3h', 1458),
(1458, '10', 'GT4', '20230189', 'fCgae4RA', 1459),
(1459, '6', '', '20230190', '8uFrty2E', 1460),
(1460, '6', 'SFGT4', '20230191', 'Ty34jkt5', 1461),
(1461, '6', 'SFGT4', '20230192', 'FgtersdX', 1462),
(1462, '6', 'SFGT4', '20230193', 'fRgt54DG', 1463),
(1463, '6', 'SFGT2', '20230194', 'Lmnu7yt5', 1464),
(1464, '10', 'SFGT2', '20230195', '3eDRfecv', 1465),
(1465, '3', 'SFGT5', '20230196', 'BvcsE4sg', 1466),
(1466, '6', 'SFGT4', '20230197', 'dHyuLv46', 1467),
(1467, '10', 'GT4', '20230198', 'SDg54Rtv', 1468),
(1468, '6', 'GT10', '20230199', 'pHjHGA56', 1469),
(1469, '3', 'SFGT7', '20230200', 'ascHyt56U', 1470),
(1470, '3', 'SFGT7', '20230201', 'Xvbgt40L', 1471),
(1471, '20', 'GGT4', '20230202', '58POyt4f', 1472),
(1472, '10', 'GGT4', '20230203', 'VBn789m4', 1473),
(1473, '3', 'SFGT2', '20230204', 'WkLphy67', 1474),
(1474, '6', '', '20230205', 'Ert54sqw', 1475),
(1475, '6', 'SFGT4', '20230206', '0nm2Ljup', 1476),
(1476, '3', 'SFGT4', '20230207', 'fgdhttj4', 1477),
(1477, '6', 'SFGT9', '20230208', '0nm2Ljup', 1478),
(1478, '10', 'SFGT1', '20230209', 'Ljkgfdg43', 1479),
(1479, '4', 'SFGT2', '20230210', 'dsetr30f', 1480),
(1480, '10', 'GGT4', '20230211', 'AA1234Bs', 1481),
(1481, '10', 'SFGT2', '20230212', 'dtetr35g', 1482),
(1482, '10', 'SFGT10', '20230213', 'ljkgfdg45', 1483),
(1483, '10', 'CAPGT2', '20230214', 'duetr36f', 1484),
(1484, '3', 'GT1.', '20230215', '21jUYGtF', 1485);

-- --------------------------------------------------------

--
-- Table structure for table `tipo_cliente`
--

CREATE TABLE `tipo_cliente` (
  `id_tipo_cliente` int(11) NOT NULL,
  `descripcion_tipo_cliente` varchar(255) DEFAULT NULL
) ENGINE=InnoDB DEFAULT CHARSET=utf8mb4 COLLATE=utf8mb4_general_ci;

--
-- Dumping data for table `tipo_cliente`
--

INSERT INTO `tipo_cliente` (`id_tipo_cliente`, `descripcion_tipo_cliente`) VALUES
(3, 'Residencial'),
(4, 'Empresarial');

-- --------------------------------------------------------

--
-- Table structure for table `tipo_usuario`
--

CREATE TABLE `tipo_usuario` (
  `id_tipo_usuario` int(11) NOT NULL,
  `nombre_tipo_usuario` varchar(255) DEFAULT NULL
) ENGINE=InnoDB DEFAULT CHARSET=utf8mb4 COLLATE=utf8mb4_general_ci;

--
-- Dumping data for table `tipo_usuario`
--

INSERT INTO `tipo_usuario` (`id_tipo_usuario`, `nombre_tipo_usuario`) VALUES
(1, 'super_admin'),
(2, 'administrador'),
(3, 'solo_vista');

-- --------------------------------------------------------

--
-- Table structure for table `usuario`
--

CREATE TABLE `usuario` (
  `id_usuario` int(11) NOT NULL,
  `nombre_usuario` varchar(255) DEFAULT NULL,
  `correo` varchar(255) DEFAULT NULL,
  `password` varchar(255) DEFAULT NULL,
  `id_tipo_usuario` int(11) NOT NULL
) ENGINE=InnoDB DEFAULT CHARSET=utf8mb4 COLLATE=utf8mb4_general_ci;

--
-- Dumping data for table `usuario`
--

INSERT INTO `usuario` (`id_usuario`, `nombre_usuario`, `correo`, `password`, `id_tipo_usuario`) VALUES
(2, 'Joshua Sandi Guevara', 'joshuasg99@gmail.com', '$2y$10$O0xKhy563EvvdQs7.reFveZL2u.uaSLJ88I2sffV8VumBrKMu4I2u', 1),
(4, 'GT-Solutions', 'gtsolutionscr@gmail.com', '$2y$10$upY1rp6702NJ7vWI8I9LbubcpbV2Q1ZK1qAYqnHVaukzyJoUKmqo6', 2);

-- --------------------------------------------------------

--
-- Table structure for table `wifi`
--

CREATE TABLE `wifi` (
  `id_wifi` int(11) NOT NULL,
  `nombre_wifi` varchar(255) DEFAULT NULL,
  `contra_wifi` varchar(255) DEFAULT NULL,
  `id_servicio` int(11) NOT NULL
) ENGINE=InnoDB DEFAULT CHARSET=utf8mb4 COLLATE=utf8mb4_general_ci;

--
-- Dumping data for table `wifi`
--

INSERT INTO `wifi` (`id_wifi`, `nombre_wifi`, `contra_wifi`, `id_servicio`) VALUES
(1160, 'Orlando', 'Dylan2009', 1165),
(1161, 'Dj profe', 'Dajo2728', 1166),
(1162, 'Familia Sibaja Blanco', 'mase2626', 1167),
(1163, 'Familia Cruz Cruz', 'Ailana1820', 1168),
(1164, 'Lic. M eugenia', 'maru2608', 1169),
(1165, 'MILO', '2518161714', 1170),
(1166, 'Esquivel', 'Coco1234', 1171),
(1167, 'Familia Gonzalez Vargas', 'recarguenlimpios', 1172),
(1168, 'Vecosta', 'Meva4850', 1173),
(1169, 'Familia Mendoza', 'Familiamendoza2020', 1174),
(1170, 'Casa Abelina', '123queso', 1175),
(1171, 'FBC', 'Perla2003', 1176),
(1172, 'Familia Vargas Carrillo', '*vargas2002*\nJimenezvar20', 1177),
(1173, 'Familia Alfaro', '26598194', 1178),
(1174, 'Cascabel', 'Cscbl1999!', 1179),
(1175, 'INTERNET CASA', 'M*VZ%g36&B$n', 1180),
(1176, 'Luigi', 'luip2053', 1181),
(1177, 'Castillo', 'Mari2430', 1182),
(1178, 'Barboza Camacho', 'BarbozA2000*', 1183),
(1179, 'Familia Sandoval Perez', 'facape2021', 1184),
(1180, 'Familia Cortes Vega', '19971993', 1185),
(1181, 'Familia Carrillo Picado', '199937368', 1186),
(1182, 'Familia Elizondo Hernandez', 'Colo2018', 1187),
(1183, 'Familia Chacon Vasques ', '17112308', 1188),
(1184, 'Finca el Angel\nMathias', 'alejandra1984\nalev1984', 1189),
(1185, 'N/A', 'N/A', 1190),
(1186, 'Familia Venegas B.', 'Fwkam849', 1191),
(1187, 'Familia Vargas', 'DeVaAg1991!', 1192),
(1188, 'SKE', 'sdxc4567', 1193),
(1189, 'Casa DKS', 'luna4393', 1194),
(1190, 'INALI', 'corrales2020', 1195),
(1191, 'Familia Carrillo Gomez', 'Isai/2020', 1196),
(1192, 'Escuela Los Angeles', 'Esc123456*', 1197),
(1193, 'Pollera', 'Jorgillo21*', 1198),
(1194, 'N/A', 'N/A', 1199),
(1195, 'Familia Matarrita Salazar', '2021FM59130', 1200),
(1196, 'VENZU', 'Pita2021', 1201),
(1197, 'Rojas Castillo\nCastillo', '20122020\n20122021', 1202),
(1198, 'Sanchez Cruz', 'Alex2021', 1203),
(1199, 'Mary Angel', 'mary2021*', 1204),
(1200, 'Hermanos', 's18b26d17r3', 1205),
(1201, 'TitaDennis internet', 'TatiTita2001@', 1206),
(1202, '', '', 1207),
(1203, 'Tango', 'Massri.11', 1208),
(1204, 'Gutierrez  ', 'Massri.11', 1209),
(1205, 'PINEDA', 'canelo15', 1210),
(1206, 'Casa Huacas', 'Gemi2020', 1211),
(1207, 'Leidy', 'cusa2014', 1212),
(1208, 'Obando Sandoval', 'FAOSA1582', 1213),
(1209, 'Familia Vargas Campos', '2061992', 1214),
(1210, 'Porras', 'porras2437', 1215),
(1211, 'JB', 'Bradley0509', 1216),
(1212, 'Fam Bermudez', 'Puravida23*', 1217),
(1213, 'Hellen', '504040108', 1218),
(1214, 'Orozco', 'Santiago231', 1219),
(1215, 'Rancho Cortez', 'lapita2020', 1220),
(1216, 'Fam Barrantes', 'derian74', 1221),
(1217, 'Familia Elizondo Perez', '21031946', 1222),
(1218, 'Newton', 'Abarca78', 1223),
(1219, '', '', 1224),
(1220, 'Super Huacas', 'MAHG0000', 1225),
(1221, 'Axel', 'patricia15', 1226),
(1222, 'GraCar House\nGraCar House 2', 'Solocree127\nElianJose05', 1227),
(1223, 'Esc Huacas', 'fonseca28', 1228),
(1224, 'BMS', 'BMS1938*', 1229),
(1225, 'Alanna', '18011980*', 1230),
(1226, 'Daniela\nNana', 'aleinad14\n29292303', 1231),
(1227, 'Familia Perez', 'L19H17I23N19', 1232),
(1228, 'Macela', 'mrcl1234', 1233),
(1229, 'Mario', '503530881', 1234),
(1230, 'Familia Aguilar Hernandez', 'aguilar83*', 1235),
(1231, '', '', 1236),
(1232, 'N/A', 'N/A', 1237),
(1233, 'Vasquez Ruiz', 'vasquez06*', 1238),
(1234, 'Familia HP', '20jeykey21', 1239),
(1235, 'N/A', 'N/A', 1240),
(1236, 'Family G', 'Jime0215*', 1241),
(1237, 'Familia MYC', 'Alberto2898', 1242),
(1238, 'Swedish Embasy', 'Sweden20', 1243),
(1239, '', '', 1244),
(1240, '', '', 1245),
(1241, '', '', 1246),
(1242, 'Familia Coto Carrillo', 'CotoC21*', 1247),
(1243, 'Casa Daniela', '88918731', 1248),
(1244, 'Casa gostosa', 'jungleview', 1249),
(1245, 'Casa Celeste', 'Halamadrid', 1250),
(1246, 'ATHOS', 'pela3089', 1251),
(1247, '', '', 1252),
(1248, '', '', 1253),
(1249, '', '', 1254),
(1250, 'Sury', 'geroge1323', 1255),
(1251, '', '', 1256),
(1252, 'OBRECAR', '123456789lexi', 1257),
(1253, 'Familia Mendoza', 'Mendoza21*', 1258),
(1254, 'Casa', 'Granados123', 1259),
(1255, 'ThurRica', 'ThurRica28621', 1260),
(1256, '', '', 1261),
(1257, 'Casa Magna', 'cASAmAGNA', 1262),
(1258, 'Maria', '24245824', 1263),
(1259, 'Lille 1', '9854321', 1264),
(1260, 'Yessica', '1.03E+11', 1265),
(1261, 'Casa Baoba', 'casabaoba007', 1266),
(1262, 'MINORyA', 'malavista', 1267),
(1263, 'Pura Vida', 'shama2022', 1268),
(1264, 'Leandro', 'prendas2013', 1269),
(1265, 'Oriyir', '11047074', 1270),
(1266, 'Eliecer Fabiana', 'pisotillo83', 1271),
(1267, 'zopilote1', 'zopilote2', 1272),
(1268, 'SIN WIFI', 'SIN WIFI', 1273),
(1269, 'A.F.F.G', 'Gustavo2301', 1274),
(1270, '', '', 1275),
(1271, 'Familia JP', 'evans2007jp', 1276),
(1272, 'Familia Artavia', 'Artavia01*', 1277),
(1273, 'casa maquenco', 'sylvain01', 1278),
(1274, 'THILE', 'thile0818', 1279),
(1275, 'Fernanda', 'ferlv1409', 1280),
(1276, 'harmonicconect', 'Harmonic', 1281),
(1277, 'WG01', 'Andres01', 1282),
(1278, 'Casa 2', 'barbieforest', 1283),
(1279, 'Casa MACK', 'Ponedoras7', 1284),
(1280, 'Jose Daniel', 'JDaniel0104', 1285),
(1281, 'JOE', 'Q1W2E3R4T', 1286),
(1282, 'Familia Diaz', 'Andres2014', 1287),
(1283, '', '', 1288),
(1284, 'Familia Hernandez Venegas', 'Hdezvene07', 1289),
(1285, 'LEO', 'Ministerio03', 1290),
(1286, 'Familia H.G', 'Gaitan1483', 1291),
(1287, 'FGZ', 'senedama', 1292),
(1288, 'Junior Quiros Vargas ', 'nuno2006qv', 1293),
(1289, 'POCHO', 'pocho01142181', 1294),
(1290, 'MUNOZ JIMENEZ', 'cholo259', 1295),
(1291, 'Familia Barrantes', 'ValE2018@#', 1296),
(1292, 'Yeimi', '18311227', 1297),
(1293, 'Familia Salazar', '20212231', 1298),
(1294, 'Lidieth Diaz', 'diaz1970', 1299),
(1295, '', '', 1300),
(1296, 'Casa Carina', '44444444', 1301),
(1297, 'Garcia', 'Pilsen1989', 1302),
(1298, 'Familia-Rodriguez', 'deowwi1104', 1303),
(1299, '', '', 1304),
(1300, 'CNWEED', '87654321', 1305),
(1301, 'Casa Ora', 'msthomas57inc!', 1306),
(1302, 'Nazareth', 'carrilloelizondo', 1307),
(1303, 'Grace', 'jimenez89', 1308),
(1304, 'Cielo', 'jane@home2022', 1309),
(1305, 'Obregon Sanchez', 'YaDlirle763F', 1310),
(1306, 'Bella Mar', '20227314', 1311),
(1307, 'House Colibri', '1234dgvg4321', 1312),
(1308, 'Familia Brenes', 'brenes2022', 1313),
(1309, '', '', 1314),
(1310, 'Familia Aguero Valverde', 'Aguero255524', 1315),
(1311, '', '', 1316),
(1312, 'Familia Salazar Gomez', 'Adriel1521*', 1317),
(1313, 'Chamma', 'Mermaid2019!', 1318),
(1314, 'Familia Kast Sanchez', '123456789', 1319),
(1315, 'Cabinas Olas', 'Surf7751', 1320),
(1316, 'Familia Mendez Gusman', '12345678Yu', 1321),
(1317, 'Casa La Paz', '22-Apr', 1322),
(1318, 'Casa Silencio', 'Jorge2022', 1323),
(1319, 'Casa Tranquila', 'Juanka2022', 1324),
(1320, 'Super Bahia', 'n^Xu^6h9iU$&ddcB!*9vM@YiZc#QVu!3*5ZM*FhBwM$26Mqu@@g5tZ4EHnJh^RR', 1325),
(1321, 'ANTON', '123456789', 1326),
(1322, 'Mono Loco', 'Pocoloco', 1327),
(1323, '', '', 1328),
(1324, 'Familia Rojas Batista', 'Maikel123', 1329),
(1325, 'Jobel Pinea', '5545jcyv', 1330),
(1326, 'Casa Azul._Udo', 'NoelleEstelle2012', 1331),
(1327, 'Casa Frank 1', '12345678', 1332),
(1328, '', '', 1333),
(1329, '', '', 1334),
(1330, 'Samarica', 'Cubera83', 1335),
(1331, '', '', 1336),
(1332, 'Garcia Perez', '3121624', 1337),
(1333, 'Casa Marina', 'casamarina2022', 1338),
(1334, 'Jayda walt', '22-Aug', 1339),
(1335, 'Zeledon Nunez', '18300104', 1340),
(1336, 'Benjamin', 'maheva2022', 1341),
(1337, 'C.D.R. Pilangosta', 'xfncdr2022', 1342),
(1338, 'Casa Jungle', 'Jungle22', 1343),
(1339, 'Casa Tranquila', 'esquivel22', 1344),
(1340, 'Casa Jungle', 'Puravida', 1345),
(1341, 'Coca Pan', 'Lolas1629', 1346),
(1342, 'Casa Guarda Parques', 'mobulabirostris', 1347),
(1343, 'Casa Ron', 'r1hr312973', 1348),
(1344, 'Colibri', 'costarica', 1349),
(1345, 'Fam Vegas Alcoocer', 'Granados1990', 1350),
(1346, 'Salazar Mora', 'Gerardo5156114', 1351),
(1347, 'Casa 2', '28282828', 1352),
(1348, 'Zeneida', '229151110', 1353),
(1349, '', '', 1354),
(1350, '', '', 1355),
(1351, 'Casa Max', '135792468', 1356),
(1352, '', '', 1357),
(1353, 'Matarrita', '', 1358),
(1354, 'Casa  Fonseca', 'fonseca05', 1359),
(1355, '', '', 1360),
(1356, '', '', 1361),
(1357, '', '', 1362),
(1358, '', '', 1363),
(1359, '', '', 1364),
(1360, 'Familia Valverde', '20737588', 1365),
(1361, 'CasaSandra', 'Maurizio', 1366),
(1362, 'Kelu', 'Todomayuscula', 1367),
(1363, 'PIZZA FRNAK', 'lolita23', 1368),
(1364, 'Fran Venegas', 'AniFer0804', 1369),
(1365, 'SAS', 'sisi7669', 1370),
(1366, 'Casa Vannesa', '', 1371),
(1367, '116chapala', 'A((.P1us', 1372),
(1368, '', '', 1373),
(1369, 'Casa 1', '12345678', 1374),
(1370, '', '', 1375),
(1371, '', '', 1376),
(1372, '', '', 1377),
(1373, 'NACHOINTERNET', '1234567890', 1378),
(1374, 'Casa ', 'pequena', 1379),
(1375, 'Familia Gonzales Diaz', 'Valentina2018', 1380),
(1376, 'Caliope PJ', 'caliopeatenea', 1381),
(1377, 'Rancho Yellowstone', 'MRBAVH23', 1382),
(1378, '', '', 1383),
(1379, 'Rumina Come Tamales', 'M1mic1t428', 1384),
(1380, 'Casa Q', 'delicias2023', 1385),
(1381, 'Maribel', '24041979', 1386),
(1382, '', '', 1387),
(1383, '', '', 1388),
(1384, '', '', 1389),
(1385, 'GSM', 'Sarita1799', 1390),
(1386, 'Alanna', 'A070821*', 1391),
(1387, 'Castrillo', '87654321', 1392),
(1388, 'Sara', '12345678', 1393),
(1389, 'Casa Cecilie', '12345678', 1394),
(1390, '', '', 1395),
(1391, 'Casa Bliss', '12345678', 1396),
(1392, 'PROF ALLAN', 'katana1984', 1397),
(1393, 'Mary', 'Ema243188', 1398),
(1394, '', '', 1399),
(1395, 'Tyson', 'Homerun09', 1400),
(1396, 'Jefferson', 'kenai123', 1401),
(1397, '', '', 1402),
(1398, 'Familia Vega Mendoza', 'Mc14121$', 1403),
(1399, 'The Yorringtons', 'Yorringtons2001', 1404),
(1400, '', '', 1405),
(1401, 'Filitico', 'Potrero0203', 1406),
(1402, 'Los Antonio', 'Enjoy2022', 1407),
(1403, 'Carlos', 'Carlos300!', 1408),
(1404, '', '', 1409),
(1405, 'Casagaia', 'shadow50', 1410),
(1406, 'Casa Sandra', 'Timo2015', 1411),
(1407, 'CarolMichael House', 'SAWG212023', 1412),
(1408, '', '', 1413),
(1409, 'Nadine', '20021065', 1414),
(1410, '', '', 1415),
(1411, 'Familia Valverde Matarrita', 'mnbv1234', 1416),
(1412, 'LORO1', 'DONALuisa1', 1417),
(1413, 'Mendoza', 'LFMC1996', 1418),
(1414, 'CASA  ', 'labebita19', 1419),
(1415, 'YANINA', 'Yanina34', 1420),
(1416, 'FAMILIA RUIZ', 'lila2023', 1421),
(1417, 'CASA ESTRELLAS', 'CasaEstrellas2023', 1422),
(1418, 'Familia Quiros Picado', 'FAQP1720', 1423),
(1419, 'Holshe Jecke', 'Frieda2909', 1424),
(1420, 'GENESIS', 'W31011655423X', 1425),
(1421, 'Jose Angel Montiel', 'jamt1220', 1426),
(1422, '', '', 1427),
(1423, '', '', 1428),
(1424, 'Ismael', '18202102', 1429),
(1425, '', '', 1430),
(1426, 'sin wifi', 'sin wifi', 1431),
(1427, 'Casita Iguana', 'Matilori23', 1432),
(1428, 'Carazo', 'Brittany', 1433),
(1429, 'JLCR', 'JLCR0411', 1434),
(1430, 'Casa Marina', 'cabanamarina', 1435),
(1431, 'Barrantes', 'MORTADELA01', 1436),
(1432, 'Neyman', 'Victoria2019', 1437),
(1433, 'ELECTRICOS', 'Yomar.1986', 1438),
(1434, 'Soldadores', 'Nov-85', 1439),
(1435, 'Familia Castillo', 'ODKJK2023', 1440),
(1436, 'MARY', '58590623', 1441),
(1437, '', '', 1442),
(1438, 'Familia Bustos Aguilar', 'mnstf13891', 1443),
(1439, 'Fabi', 'Faby0514', 1444),
(1440, 'Familia Rojas', '061024RSQ', 1445),
(1441, '', '', 1446),
(1442, 'Turco', '98765432', 1447),
(1443, '', '', 1448),
(1444, 'Butterfly House', 'SandaiwaSince2023', 1449),
(1445, 'Repuestos Z', 'sofimZ26', 1450),
(1446, '', '', 1451),
(1447, 'SANCHEZ CASTRILLO', 'emily14.', 1452),
(1448, 'Elena', '12345678', 1453),
(1449, 'Iguana', 'jaco2023', 1454),
(1450, 'Familia Herrera Jimenez', 'Memosajo', 1455),
(1451, 'Drago', 'j4s2M19v3821', 1456),
(1452, 'Herrera Rojas', '204071020', 1457),
(1453, 'Familia RQ', 'Alejandro', 1458),
(1454, 'Familia Gonzalez Alan', 'SamusyO13', 1459),
(1455, 'Garden House', 'Tevy0210', 1460),
(1456, 'Rustic cabin', 'Valechar18', 1461),
(1457, 'los tres mosqueteros', 'Ianf2023', 1462),
(1458, 'Casa JM', 'abramliam', 1463),
(1459, 'Rojas', 'Evan04carmona20', 1464),
(1460, 'Familia Matamoros', 'nina2023', 1465),
(1461, 'Cruz Sanchez', 'CruzSanchez2023', 1466),
(1462, 'jose', 'jmvr1962', 1467),
(1463, 'Familia Matarrita', 'Hermanos2086', 1468),
(1464, 'RIVUS', '1040710', 1469),
(1465, '', '', 1470),
(1466, '', '', 1471),
(1467, '', '', 1472),
(1468, 'Fanny Maria', 's@m@r@CR24', 1473),
(1469, '', '', 1474),
(1470, 'Karen', 'Darieth23', 1475),
(1471, 'Familia Gomez', '501800702', 1476),
(1472, 'Familia Smith', 'samara04', 1477),
(1473, 'Rancho Valverde', 'vega0971', 1478),
(1474, '', '', 1479),
(1475, '', '', 1480),
(1476, 'Fayramiya', 'fayramiya01', 1481),
(1477, 'Joss', '19891978', 1482),
(1478, 'Mango', 'Josefina', 1483),
(1479, 'Familia Marin ', 'FAFR3031', 1484);

--
-- Indexes for dumped tables
--

--
-- Indexes for table `cliente`
--
ALTER TABLE `cliente`
  ADD PRIMARY KEY (`id_cliente`),
  ADD KEY `fk_cliente_tipo_cliente` (`id_tipo_cliente`);

--
-- Indexes for table `contrato`
--
ALTER TABLE `contrato`
  ADD PRIMARY KEY (`id_contrato`),
  ADD KEY `id_cliente` (`id_cliente`);

--
-- Indexes for table `equipo`
--
ALTER TABLE `equipo`
  ADD PRIMARY KEY (`id_equipo`),
  ADD KEY `fk_equipo_servicio` (`id_servicio`);

--
-- Indexes for table `registro_pago`
--
ALTER TABLE `registro_pago`
  ADD PRIMARY KEY (`id_pago`),
  ADD KEY `fk_registro_pago_servicio` (`id_contrato`);

--
-- Indexes for table `servicio`
--
ALTER TABLE `servicio`
  ADD PRIMARY KEY (`id_servicio`),
  ADD KEY `id_contrato` (`id_contrato`);

--
-- Indexes for table `tipo_cliente`
--
ALTER TABLE `tipo_cliente`
  ADD PRIMARY KEY (`id_tipo_cliente`);

--
-- Indexes for table `tipo_usuario`
--
ALTER TABLE `tipo_usuario`
  ADD PRIMARY KEY (`id_tipo_usuario`);

--
-- Indexes for table `usuario`
--
ALTER TABLE `usuario`
  ADD PRIMARY KEY (`id_usuario`);

--
-- Indexes for table `wifi`
--
ALTER TABLE `wifi`
  ADD PRIMARY KEY (`id_wifi`),
  ADD KEY `fk_wifi_servicio` (`id_servicio`);

--
-- AUTO_INCREMENT for dumped tables
--

--
-- AUTO_INCREMENT for table `cliente`
--
ALTER TABLE `cliente`
  MODIFY `id_cliente` int(11) NOT NULL AUTO_INCREMENT, AUTO_INCREMENT=2200;

--
-- AUTO_INCREMENT for table `contrato`
--
ALTER TABLE `contrato`
  MODIFY `id_contrato` int(11) NOT NULL AUTO_INCREMENT, AUTO_INCREMENT=1486;

--
-- AUTO_INCREMENT for table `equipo`
--
ALTER TABLE `equipo`
  MODIFY `id_equipo` int(11) NOT NULL AUTO_INCREMENT, AUTO_INCREMENT=3904;

--
-- AUTO_INCREMENT for table `registro_pago`
--
ALTER TABLE `registro_pago`
  MODIFY `id_pago` int(11) NOT NULL AUTO_INCREMENT, AUTO_INCREMENT=23;

--
-- AUTO_INCREMENT for table `servicio`
--
ALTER TABLE `servicio`
  MODIFY `id_servicio` int(11) NOT NULL AUTO_INCREMENT, AUTO_INCREMENT=1485;

--
-- AUTO_INCREMENT for table `tipo_cliente`
--
ALTER TABLE `tipo_cliente`
  MODIFY `id_tipo_cliente` int(11) NOT NULL AUTO_INCREMENT, AUTO_INCREMENT=6;

--
-- AUTO_INCREMENT for table `tipo_usuario`
--
ALTER TABLE `tipo_usuario`
  MODIFY `id_tipo_usuario` int(11) NOT NULL AUTO_INCREMENT, AUTO_INCREMENT=4;

--
-- AUTO_INCREMENT for table `usuario`
--
ALTER TABLE `usuario`
  MODIFY `id_usuario` int(11) NOT NULL AUTO_INCREMENT, AUTO_INCREMENT=5;

--
-- AUTO_INCREMENT for table `wifi`
--
ALTER TABLE `wifi`
  MODIFY `id_wifi` int(11) NOT NULL AUTO_INCREMENT, AUTO_INCREMENT=1480;

--
-- Constraints for dumped tables
--

--
-- Constraints for table `cliente`
--
ALTER TABLE `cliente`
  ADD CONSTRAINT `fk_cliente_tipo_cliente` FOREIGN KEY (`id_tipo_cliente`) REFERENCES `tipo_cliente` (`id_tipo_cliente`);

--
-- Constraints for table `contrato`
--
ALTER TABLE `contrato`
  ADD CONSTRAINT `contrato_ibfk_1` FOREIGN KEY (`id_cliente`) REFERENCES `cliente` (`id_cliente`) ON DELETE CASCADE;

--
-- Constraints for table `equipo`
--
ALTER TABLE `equipo`
  ADD CONSTRAINT `fk_equipo_servicio` FOREIGN KEY (`id_servicio`) REFERENCES `servicio` (`id_servicio`) ON DELETE CASCADE;

--
-- Constraints for table `registro_pago`
--
ALTER TABLE `registro_pago`
  ADD CONSTRAINT `fk_registro_pago_servicio` FOREIGN KEY (`id_contrato`) REFERENCES `contrato` (`id_contrato`) ON DELETE CASCADE ON UPDATE CASCADE;

--
-- Constraints for table `servicio`
--
ALTER TABLE `servicio`
  ADD CONSTRAINT `servicio_ibfk_1` FOREIGN KEY (`id_contrato`) REFERENCES `contrato` (`id_contrato`) ON DELETE CASCADE;

--
-- Constraints for table `wifi`
--
ALTER TABLE `wifi`
  ADD CONSTRAINT `fk_wifi_servicio` FOREIGN KEY (`id_servicio`) REFERENCES `servicio` (`id_servicio`) ON DELETE CASCADE;

DELIMITER $$
--
-- Events
--
CREATE DEFINER=`root`@`localhost` EVENT `ActualizarDeudaEvent` ON SCHEDULE EVERY 1 DAY STARTS '2023-07-16 18:51:33' ON COMPLETION NOT PRESERVE ENABLE DO BEGIN
    CALL ActualizarDeudaClientes();
END$$

DELIMITER ;
COMMIT;

/*!40101 SET CHARACTER_SET_CLIENT=@OLD_CHARACTER_SET_CLIENT */;
/*!40101 SET CHARACTER_SET_RESULTS=@OLD_CHARACTER_SET_RESULTS */;
/*!40101 SET COLLATION_CONNECTION=@OLD_COLLATION_CONNECTION */;
